,timestamp,timezone,humidity,pm_10,pm_2_5,pm_2_5_sp,temperature
0,2023-04-01 07:00:00,Asia/Bangkok,73.8616943359375,4.72727272727273,4.72727272727273,4.72727272727273,30.1894485473633
1,2023-04-03 07:00:00,Asia/Bangkok,67.8724934283952,16.046365914787,14.5852130325815,14.6992481203008,29.8951434372063
2,2023-04-04 07:00:00,Asia/Bangkok,62.9959520566936,13.300139275766,11.9380222841226,11.9428969359332,33.8534010725878
3,2023-04-05 07:00:00,Asia/Bangkok,59.4820505422312,11.8643356643357,10.7335664335664,10.7335664335664,35.772219144381
4,2023-04-06 07:00:00,Asia/Bangkok,66.4935739608669,16.4058373870744,14.7588603196664,14.8401667824878,31.862497972564
5,2023-04-07 07:00:00,Asia/Bangkok,67.0573298932781,14.2910863509749,13.016713091922,13.0174094707521,32.9954136985827
6,2023-04-08 07:00:00,Asia/Bangkok,60.8153695543411,19.9556338028169,17.8971830985916,18.2225352112676,36.0603784592029
7,2023-04-09 07:00:00,Asia/Bangkok,60.191329287089,6.29881035689293,5.61511546536039,5.81665500349895,35.7106053107467
8,2023-04-10 07:00:00,Asia/Bangkok,60.2164101915884,8.56685236768802,7.59888579387187,7.59888579387187,35.2200164476367
9,2023-04-11 07:00:00,Asia/Bangkok,60.2727562168363,26.6416144745999,23.6283924843424,23.9178844815588,35.8124556571307
10,2023-04-12 07:00:00,Asia/Bangkok,59.6033215688565,36.84561891516,31.2712100139082,33.4826147426982,35.9503867795305
11,2023-04-13 07:00:00,Asia/Bangkok,58.3602511841246,42.6885017421603,35.1839721254355,39.3526132404181,36.8403854104285
12,2023-04-14 07:00:00,Asia/Bangkok,59.0551179763667,38.5863509749304,32.4651810584958,35.0821727019499,36.0415169123488
13,2023-04-15 07:00:00,Asia/Bangkok,58.5444592302134,42.9061196105702,35.2760778859527,39.7468706536857,36.9287951897845
14,2023-04-16 07:00:00,Asia/Bangkok,57.6797464129325,50.1620305980529,40.2134909596662,49.1335187760779,36.8870482889104
15,2023-04-17 07:00:00,Asia/Bangkok,61.2727300702363,34.9150417827298,28.9909470752089,33.4032033426184,33.4730980323218
16,2023-04-18 07:00:00,Asia/Bangkok,58.6016459189609,48.3048016701461,38.9561586638831,46.33959638135,36.4715289472289
17,2023-04-19 07:00:00,Asia/Bangkok,59.1845007035596,42.4840055632823,35.0417246175243,39.5264255910988,35.9678461024426
18,2023-04-20 07:00:00,Asia/Bangkok,66.6725535648269,36.7418232428671,30.4091858037578,34.1558803061935,33.9778739276161
19,2023-04-21 07:00:00,Asia/Bangkok,63.7114290070302,43.2990264255911,39.0132127955494,43.5653685674548,35.6253128157869
20,2023-04-22 07:00:00,Asia/Bangkok,67.3573748137939,48.0688935281837,44.9394572025052,51.3883089770355,35.2626403936016
21,2023-04-23 07:00:00,Asia/Bangkok,69.7373329098842,45.5410863509749,41.3934540389972,44.8885793871866,32.3789504112307
22,2023-04-24 07:00:00,Asia/Bangkok,65.4921412882742,36.1955462769659,31.9624217118998,31.8893528183716,33.6783008933814
23,2023-04-25 07:00:00,Asia/Bangkok,61.904728959764,33.5041724617524,29.124478442281,26.5876216968011,36.4041663476257
24,2023-04-26 07:00:00,Asia/Bangkok,61.2295791860072,30.3228730822873,26.4839609483961,24.3012552301255,36.3160753449636
25,2023-04-27 07:00:00,Asia/Bangkok,61.9630350366432,19.2004175365345,16.5796798886569,13.6395267919276,35.9523886280418
26,2023-04-28 07:00:00,Asia/Bangkok,61.0255139713088,30.9818815331011,26.5268292682927,23.2222996515679,35.6497360388992
27,2023-04-29 07:00:00,Asia/Bangkok,60.2018563528247,38.6190807799443,34.1963788300836,34.9735376044568,36.3467056571939
28,2023-04-30 07:00:00,Asia/Bangkok,61.3136541038731,40.0027835768963,36.2080723729993,37.6506610995129,35.5621223210791
29,2023-05-01 07:00:00,Asia/Bangkok,60.8375512099848,28.390243902439,24.5163763066202,21.2808362369338,36.4860335825212
30,2023-05-02 07:00:00,Asia/Bangkok,62.2195653311478,19.7627000695894,16.92832289492,13.5351426583159,35.7283360873483
31,2023-05-03 07:00:00,Asia/Bangkok,71.6573022834449,14.470792767733,12.42280945758,9.55076495132128,31.4143174215219
32,2023-05-04 07:00:00,Asia/Bangkok,66.4485322639917,23.1255230125523,20.9463040446304,21.0543933054393,35.1044249850283
33,2023-05-05 07:00:00,Asia/Bangkok,63.0717865117568,27.8532684283727,25.6182197496523,28.5910987482615,36.057719945576
34,2023-05-06 07:00:00,Asia/Bangkok,67.5882508046277,27.5942936673626,24.2282533054976,22.7613082811413,34.1916944786502
35,2023-05-07 07:00:00,Asia/Bangkok,67.5340836962313,25.8065414057063,22.4683368128045,19.2867084203201,35.3518689500016
36,2023-05-08 07:00:00,Asia/Bangkok,66.2662386645355,17.7647877522617,15.490605427975,12.9429366736256,35.2814924841385
37,2023-05-09 07:00:00,Asia/Bangkok,65.6656136509438,15.1002087682672,13.1169102296451,10.0368823938761,35.6094347609359
38,2023-05-10 07:00:00,Asia/Bangkok,66.5703686438371,24.4299651567944,21.4926829268293,19.1149825783972,34.6400803622468
39,2023-05-11 07:00:00,Asia/Bangkok,64.8309402571932,17.1649269311065,14.8983994432846,12.2560890744607,34.7022657964757
40,2023-05-12 07:00:00,Asia/Bangkok,63.6698334059233,21.8836236933798,19.2327526132404,17.1317073170732,35.6832749635916
41,2023-05-13 07:00:00,Asia/Bangkok,61.1850030917669,24.2754532775453,21.7454672245467,21.068340306834,36.8961401265037
42,2023-05-14 07:00:00,Asia/Bangkok,59.6551208071649,25.0222531293463,21.7510431154381,18.8518776077886,37.1608858280951
43,2023-05-15 07:00:00,Asia/Bangkok,62.6623229343359,36.482254697286,32.8970076548365,33.4488517745303,35.2466476535996
44,2023-05-16 07:00:00,Asia/Bangkok,66.5632636827483,26.4342379958246,22.8469032707029,19.8378566457898,33.7071747272149
45,2023-05-17 07:00:00,Asia/Bangkok,64.4050104384134,23.973556019485,20.6416144745999,17.2908837856646,34.9761867324096
46,2023-05-18 07:00:00,Asia/Bangkok,65.3158205169443,23.8875698324022,20.6501396648045,17.6515363128492,33.716040942025
47,2023-05-19 07:00:00,Asia/Bangkok,63.2782173554932,14.9591690544413,12.9047277936963,10.269340974212,35.451609824545
48,2023-05-20 07:00:00,Asia/Bangkok,63.727214107593,18.4874826147427,15.8630041724618,12.7336578581363,34.7160063466376
49,2023-05-21 07:00:00,Asia/Bangkok,59.8689008986005,20.1898470097357,17.4179415855355,14.1557719054242,37.4061497461481
50,2023-05-22 07:00:00,Asia/Bangkok,60.2814696926069,27.5810716771051,24.1141266527488,22.0229645093946,35.2730939119681
51,2023-05-23 07:00:00,Asia/Bangkok,61.6086617630281,21.8609179415855,18.8602225312935,15.797635605007,34.1029971232832
52,2023-05-24 07:00:00,Asia/Bangkok,59.583904184064,29.4676409185804,26.0619345859429,25.231732776618,36.8889100267892
53,2023-05-25 07:00:00,Asia/Bangkok,59.8486574474274,31.6499652052888,27.6812804453723,26.4070981210856,36.370715816235
54,2023-05-26 07:00:00,Asia/Bangkok,59.6840223562087,28.6371866295265,24.9220055710306,22.5731197771588,36.0981546471046
55,2023-05-27 07:00:00,Asia/Bangkok,64.1604288424634,25.9427773900907,22.5868806699232,19.7773900907188,33.733779044727
56,2023-05-28 07:00:00,Asia/Bangkok,63.5057114625044,20.0745125348189,17.2632311977716,14.2708913649025,35.2774545143574
57,2023-05-29 07:00:00,Asia/Bangkok,69.4002790809175,22.1147426981919,18.970792767733,15.509735744089,32.574623542966
58,2023-05-30 07:00:00,Asia/Bangkok,63.3611602146536,20.980528511822,18.0013908205842,14.9158553546593,35.5072435318014
59,2023-05-31 07:00:00,Asia/Bangkok,64.6008275314565,24.0911621433542,21.1169102296451,18.874739039666,34.1434834232251
60,2023-06-01 07:00:00,Asia/Bangkok,62.3215754549568,17.9113747383112,15.3105373342638,12.3866015352408,35.9714505394605
61,2023-06-02 07:00:00,Asia/Bangkok,60.6957294249087,16.375348189415,14.2346796657382,11.7625348189415,35.8663978656299
62,2023-06-03 07:00:00,Asia/Bangkok,58.7967375540949,11.7590529247911,10.183147632312,7.76671309192201,37.0834720109848
63,2023-06-04 07:00:00,Asia/Bangkok,60.6519972332993,12.8344923504868,11.2107093184979,8.74408901251739,35.3356127148709
64,2023-06-05 07:00:00,Asia/Bangkok,58.9400703573526,21.8789144050104,19.3242867084203,17.3020180932498,36.0568109882649
65,2023-06-06 07:00:00,Asia/Bangkok,60.7431976785249,24.9172461752434,21.9339360222531,19.7635605006954,35.2358851744502
66,2023-06-07 07:00:00,Asia/Bangkok,63.7844202578234,14.9658774373259,12.9714484679666,10.449860724234,34.1790920246943
67,2023-06-08 07:00:00,Asia/Bangkok,64.5809038198069,19.2818371607516,16.678496868476,13.6687543493389,33.6277086102639
68,2023-06-09 07:00:00,Asia/Bangkok,63.4607809167719,37.1761838440111,33.8147632311978,35.7513927576602,35.788912334814
69,2023-06-10 07:00:00,Asia/Bangkok,63.8442218013331,42.4224077940153,37.0904662491301,40.8462073764788,35.0518894394654
70,2023-06-11 07:00:00,Asia/Bangkok,63.8262964919811,38.8922114047288,34.8769123783032,35.3776077885953,34.2503543689287
71,2023-06-12 07:00:00,Asia/Bangkok,69.5376083597012,35.6527487821851,32.009046624913,32.3799582463466,32.9508484778673
72,2023-06-13 07:00:00,Asia/Bangkok,65.0415539907315,39.2127955493741,35.3630041724618,36.0792767732962,35.4787469473933
73,2023-06-14 07:00:00,Asia/Bangkok,63.5313537701634,42.5119250425894,38.2410562180579,39.1362862010221,35.6325459520902
74,2023-07-01 07:00:00,Asia/Bangkok,67.8440741903667,12.6343072573044,11.0810556079171,8.79641847313855,31.1319410443631
75,2023-07-02 07:00:00,Asia/Bangkok,68.5528653648552,11.3507890961263,9.7051649928264,7.54734576757532,32.2409236008041
76,2023-07-03 07:00:00,Asia/Bangkok,63.1422283090314,13.4572025052192,11.4690327070285,8.78357689631176,35.8416098194481
77,2023-07-04 07:00:00,Asia/Bangkok,61.7410303822467,29.1678272980501,26.1887186629527,25.6573816155989,36.2693933258482
78,2023-07-05 07:00:00,Asia/Bangkok,62.0855266291921,28.7477351916376,25.5087108013937,23.605574912892,36.1761336376443
79,2023-07-06 07:00:00,Asia/Bangkok,59.115677306106,34.018156424581,30.8093575418994,31.7150837988827,36.8793468368786
80,2023-07-07 07:00:00,Asia/Bangkok,58.6547043431511,25.5547038327526,22.415331010453,20.1463414634146,35.9618887552401
81,2023-07-08 07:00:00,Asia/Bangkok,62.2489154587535,16.6077885952712,14.2746870653686,11.721140472879,34.5558119814983
82,2023-07-09 07:00:00,Asia/Bangkok,63.4319902710726,11.4190609670638,9.93763139453399,7.59074982480729,33.8928432902613
83,2023-07-10 07:00:00,Asia/Bangkok,64.7202577975595,12.1767790262172,10.6359550561798,8.2936329588015,32.7571935746534
84,2023-07-11 07:00:00,Asia/Bangkok,68.4373115465273,11.3424753867792,10.0808720112518,8.40154711673699,33.5682221944541
85,2023-07-12 07:00:00,Asia/Bangkok,65.9845622369483,14.0210084033613,12.2829131652661,9.92436974789916,34.5868595014148
86,2023-07-13 07:00:00,Asia/Bangkok,68.9388819344772,16.5337508698678,14.1621433542102,11.1510090466249,33.5390617354678
87,2023-07-14 07:00:00,Asia/Bangkok,64.2011873247892,22.3581363004173,19.5062586926287,16.78859527121,35.7589645279631
88,2023-07-15 07:00:00,Asia/Bangkok,60.298649812424,27.6358582348853,24.3988881167477,23.4801945795691,36.3720751902227
89,2023-07-16 07:00:00,Asia/Bangkok,60.5368569036712,24.0383008356546,20.4818941504178,17.6483286908078,35.5632730978113
90,2023-07-17 07:00:00,Asia/Bangkok,57.8032873866454,18.2282533054976,15.2727905358386,12.1649269311065,36.4684243092706
91,2023-07-18 07:00:00,Asia/Bangkok,58.9410132804345,17.60751565762,14.7835768963118,11.5184411969381,35.4241446413426
92,2023-07-19 07:00:00,Asia/Bangkok,57.8624579337378,10.0938864628821,8.62954876273654,6.56404657933042,36.15946727904
93,2023-07-20 07:00:00,Asia/Bangkok,70.4582495745803,22.291782729805,19.6775766016713,17.5571030640669,30.0963546338808
94,2023-07-21 07:00:00,Asia/Bangkok,63.9956590605945,12.7094076655052,10.6857142857143,8.13101045296167,34.9902284203506
95,2023-07-22 07:00:00,Asia/Bangkok,65.876211874674,29.4318497913769,25.6974965229485,22.9895688456189,33.4882440686392
96,2023-07-23 07:00:00,Asia/Bangkok,65.0457525651767,26.0577994428969,23.066852367688,21.1894150417827,34.101169554304
97,2023-07-24 07:00:00,Asia/Bangkok,62.8111305343075,35.0376044568245,31.1009749303621,36.0466573816156,35.1602236606949
98,2023-07-25 07:00:00,Asia/Bangkok,60.4820485234593,29.6267409470752,25.5292479108635,24.9366295264624,35.6551235698392
99,2023-07-26 07:00:00,Asia/Bangkok,61.4312986242497,25.6096033402923,21.7633959638135,18.2839248434238,36.5467761204984
100,2023-07-27 07:00:00,Asia/Bangkok,68.0620326305166,29.7026462395543,25.9770194986072,24.2388579387187,31.6823188973004
101,2023-07-28 07:00:00,Asia/Bangkok,62.2565771858146,23.5386221294363,19.7814892136395,17.3173277661795,36.2709819499038
102,2023-07-29 07:00:00,Asia/Bangkok,61.0852628427823,19.9832985386221,16.7919276270007,13.910925539318,35.7662855558455
103,2023-07-30 07:00:00,Asia/Bangkok,59.5119617013527,18.5915100904663,15.5782881002088,12.6235212247738,36.0604902996151
104,2023-07-31 07:00:00,Asia/Bangkok,67.1445076180036,31.2625348189415,27.2451253481894,24.9986072423398,32.7472920537327
105,2023-08-01 07:00:00,Asia/Bangkok,69.5913634701744,29.9575504523312,26.4516353514266,24.8531663187196,32.488558775199
106,2023-08-02 07:00:00,Asia/Bangkok,71.9944223387992,24.6589958158996,21.8807531380753,20.4407252440725,31.969049182775
107,2023-08-03 07:00:00,Asia/Bangkok,68.9587546654968,36.6376912378303,32.3602225312935,35.2837273991655,34.3271039556893
108,2023-08-04 07:00:00,Asia/Bangkok,65.4304350426235,32.1990257480863,28.6562282533055,29.0883785664579,35.0984870416884
109,2023-08-05 07:00:00,Asia/Bangkok,65.0624734777594,42.6350974930362,38.4185236768802,40.9951253481894,35.1258314552413
110,2023-08-06 07:00:00,Asia/Bangkok,68.5764275605224,43.2642559109875,39.4944367176634,44.2990264255911,33.7859629921522
111,2023-08-07 07:00:00,Asia/Bangkok,65.041657662176,24.6917188587335,21.142658315936,19.785664578984,35.0424073285001
112,2023-08-08 07:00:00,Asia/Bangkok,65.3948490742351,18.8713490959666,16.1606397774687,12.7927677329625,34.3391426945926
113,2023-08-09 07:00:00,Asia/Bangkok,62.5497625532794,19.8858858858859,17.2642642642643,14.8213213213213,34.8970920506997
114,2023-08-10 07:00:00,Asia/Bangkok,67.8100670826452,13.5055632823366,11.6147426981919,8.97357440890125,33.0345327830945
115,2023-08-11 07:00:00,Asia/Bangkok,64.6859463006154,17.2840236686391,15.2041420118343,13.0621301775148,34.4650638078598
116,2023-08-12 07:00:00,Asia/Bangkok,61.4187845369665,17.1120058565154,15.2679355783309,13.8653001464129,36.0283139325185
117,2023-08-13 07:00:00,Asia/Bangkok,62.470977507122,12.6048034934498,10.9672489082969,9.78893740902475,34.7022777708687
118,2023-08-14 07:00:00,Asia/Bangkok,62.3484661984244,10.1802919708029,8.86277372262774,6.68686131386861,34.9530218437854
119,2023-08-15 07:00:00,Asia/Bangkok,68.7562311152548,15.5885673959069,13.499647141849,10.7325335215244,31.6728083912919
120,2023-08-16 07:00:00,Asia/Bangkok,70.4609084477753,10.6424418604651,9.18604651162791,7.10174418604651,32.1845915919804
121,2023-08-17 07:00:00,Asia/Bangkok,69.0588990957956,11.2056537102474,9.72862190812721,7.63109540636042,32.3598116818909
122,2023-08-18 07:00:00,Asia/Bangkok,64.4290420044115,21.3500347947112,18.7877522616562,16.8580375782881,35.0417386242014
123,2023-08-19 07:00:00,Asia/Bangkok,62.1998118089781,15.039776692254,13.3258897418004,11.831123517097,35.442940817791
124,2023-08-20 07:00:00,Asia/Bangkok,60.47147238868,20.92280945758,17.6849791376912,14.403337969402,35.9002218657641
125,2023-08-21 07:00:00,Asia/Bangkok,61.4684294061521,20.60751565762,17.5483646485734,14.6555323590814,34.7466818027058
126,2023-08-22 07:00:00,Asia/Bangkok,60.6177811168015,22.347947112039,19.2797494780793,16.6297842727905,35.6466133261026
127,2023-08-23 07:00:00,Asia/Bangkok,65.7194982332107,24.9289693593315,21.9066852367688,19.5201949860724,32.9861720093114
128,2023-08-24 07:00:00,Asia/Bangkok,61.4154263127149,25.649721448468,22.25,18.8697771587744,35.757114973573
129,2023-08-25 07:00:00,Asia/Bangkok,60.88396478263,17.5709318497914,15.2378303198887,12.1272600834492,35.5388005751396
130,2023-08-26 07:00:00,Asia/Bangkok,67.501598509468,11.6805845511482,10.2178148921364,7.57967988865693,33.3871867711459
131,2023-08-27 07:00:00,Asia/Bangkok,76.3064873710436,19.7534050179212,17.5885304659498,16.0587813620072,32.6809638987248
132,2023-08-28 07:00:00,Asia/Bangkok,84.4897467136216,16.0735294117647,13.9796918767507,11.2773109243698,28.2498563376474
133,2023-08-29 07:00:00,Asia/Bangkok,77.7529879324971,26.2977044476327,22.9533715925395,24.8758967001435,29.4302870728525
134,2023-08-30 07:00:00,Asia/Bangkok,84.807491987948,18.7090020935101,16.3928820655967,14.470341939986,28.0591259127176
135,2023-08-31 07:00:00,Asia/Bangkok,88.4176218840959,23.3196378830084,20.5320334261838,18.1023676880223,27.6175156823667
136,2023-09-01 07:00:00,Asia/Bangkok,82.4762237228706,15.8448519040903,13.8138222849083,11.2976022566996,28.7874661273723
137,2023-09-02 07:00:00,Asia/Bangkok,91.5338784000368,13.7507204610951,12.1253602305476,10.1844380403458,26.6146168368812
138,2023-09-03 07:00:00,Asia/Bangkok,89.2802071265807,13.240701754386,11.5235087719298,9.19719298245614,27.3471892280037
139,2023-09-04 07:00:00,Asia/Bangkok,87.7307184076354,11.7081770442611,10.3203300825206,8.38859714928732,27.6993392619905
140,2023-09-05 07:00:00,Asia/Bangkok,95.7952854304327,18.7893238434164,16.4896797153025,13.8455516014235,25.6858989133427
141,2023-09-06 07:00:00,Asia/Bangkok,93.8955107818958,7.88122332859175,6.87268847795164,5.00355618776671,25.6337500187273
142,2023-09-07 07:00:00,Asia/Bangkok,82.507504916974,17.4727272727273,15.320979020979,13.0062937062937,28.6339730902661
143,2023-09-08 07:00:00,Asia/Bangkok,86.6319066787204,37.2564459930314,33.9156794425087,35.8522648083624,28.6636706450943
144,2023-09-09 07:00:00,Asia/Bangkok,86.2541842948734,19.953179594689,17.2159329140461,14.517819706499,27.9429190679978
145,2023-09-10 07:00:00,Asia/Bangkok,82.6992403034519,16.7445917655269,14.5108164689463,11.6057222609909,28.410666109659
146,2023-09-11 07:00:00,Asia/Bangkok,90.7511065047341,8.83222958057395,7.63428991905813,5.5952906548933,25.181275189133
147,2023-09-12 07:00:00,Asia/Bangkok,80.7589554719334,26.1875871687587,23.1757322175732,21.2524407252441,28.6336240016945
148,2023-09-13 07:00:00,Asia/Bangkok,87.7088038309649,48.0997906489881,44.6378227494766,50.0851360781577,28.3227011907109
149,2023-09-14 07:00:00,Asia/Bangkok,80.1977449559209,44.8282122905028,40.5942737430168,45.1941340782123,28.9087044866012
150,2023-09-15 07:00:00,Asia/Bangkok,83.4451265634847,46.4961725817676,42.5706332637439,46.1635351426583,28.9083353337539
151,2023-09-16 07:00:00,Asia/Bangkok,80.2541980889438,39.0615384615385,34.3181818181818,35.1818181818182,28.9639871310948
152,2023-09-17 07:00:00,Asia/Bangkok,83.4880593894337,31.066852367688,26.6051532033426,27.4993036211699,28.6627460137935
153,2023-09-18 07:00:00,Asia/Bangkok,81.6425260089814,31.3433566433566,27.9048951048951,27.7797202797203,28.6816995490058
154,2023-09-19 07:00:00,Asia/Bangkok,80.8846224947226,34.8448155880306,30.7898399443285,29.1997216423104,28.4562192609795
155,2023-09-20 07:00:00,Asia/Bangkok,85.1681047655459,21.609756097561,18.8522648083624,16.0202090592335,28.7774693562185
156,2023-09-21 07:00:00,Asia/Bangkok,81.6976515981425,20.220350877193,17.7922807017544,17.4308771929825,28.7517787930199
157,2023-09-22 07:00:00,Asia/Bangkok,92.0897753349116,24.4584787159805,21.612700628053,19.3349616189812,26.5579346380331
158,2023-09-23 07:00:00,Asia/Bangkok,86.4483853994176,19.7740585774059,17.2845188284519,14.4637377963738,27.9295226590082
159,2023-09-24 07:00:00,Asia/Bangkok,93.2569765679981,23.0883856829803,20.3644996347699,19.0964207450694,26.6391134732676
160,2023-09-25 07:00:00,Asia/Bangkok,93.334902421434,18.6605705925384,16.3174835405999,13.7373811265545,26.4494408677447
161,2023-09-26 07:00:00,Asia/Bangkok,95.6520961262541,17.1017793594306,15.1608540925267,13.4555160142349,25.9702435918685
162,2023-09-27 07:00:00,Asia/Bangkok,95.9985019574879,10.5780014378145,9.13874910136592,6.97411933860532,25.7299208949975
163,2023-09-28 07:00:00,Asia/Bangkok,90.9115357404681,27.3091037402964,23.9491884262527,22.3613267466479,26.3438045835048
164,2023-09-29 07:00:00,Asia/Bangkok,84.9651962942345,58.7044817927171,52.3781512605042,67.2794117647059,28.9889529721342
165,2023-09-30 07:00:00,Asia/Bangkok,86.6781552782858,82.6620111731844,67.0111731843576,97.072625698324,28.6107356194938
166,2023-10-01 07:00:00,Asia/Bangkok,80.8135367168755,62.3465553235908,54.4523312456507,71.7759220598469,29.4505677508271
167,2023-10-02 07:00:00,Asia/Bangkok,76.714368058622,50.6163522012579,46.7896575821104,58.6240391334731,30.233077282241
168,2023-10-03 07:00:00,Asia/Bangkok,84.5571019912279,37.800139275766,33.1713091922006,32.8788300835655,28.8120418067384
169,2023-10-04 07:00:00,Asia/Bangkok,79.6880449831698,17.8060013956734,15.400558269365,12.7564549895325,29.3683410775537
170,2023-10-05 07:00:00,Asia/Bangkok,90.2856743038869,22.4871080139373,19.4724738675958,16.6306620209059,27.4171217390818
171,2023-10-06 07:00:00,Asia/Bangkok,83.0385618499732,18.0781032078103,15.6004184100418,12.3410041841004,28.9064479170796
172,2023-10-07 07:00:00,Asia/Bangkok,91.5144698493494,17.3783972125436,14.8745644599303,11.802787456446,27.5715389639338
173,2023-10-08 07:00:00,Asia/Bangkok,93.1508541333141,26.0417536534447,22.3326374391093,18.8260264439805,26.7858800332723
174,2023-10-09 07:00:00,Asia/Bangkok,92.9493034981095,46.9846582984658,43.7949790794979,52.4225941422594,27.2522288081808
175,2023-10-10 07:00:00,Asia/Bangkok,87.2095479958836,48.5611460517121,45.8546470999301,54.2271139063592,28.1857296364554
176,2023-10-11 07:00:00,Asia/Bangkok,91.720298303252,38.8705636743215,34.0528879610299,32.6708420320111,27.0568516514916
177,2023-10-12 07:00:00,Asia/Bangkok,91.3528292911843,24.9198047419805,21.8793584379358,19.3675034867504,27.6389336341236
178,2023-10-13 07:00:00,Asia/Bangkok,92.2104031970575,24.6594707520891,21.7360724233983,19.5006963788301,26.971926004909
179,2023-10-14 07:00:00,Asia/Bangkok,92.660563376468,19.105702364395,16.5264255910988,13.2934631432545,27.5942383972102
180,2023-10-15 07:00:00,Asia/Bangkok,83.3365514930632,24.3303072625698,21.0656424581006,17.586592178771,29.4155086082758
181,2023-10-16 07:00:00,Asia/Bangkok,90.883359695638,11.1449477351916,9.67665505226481,7.25644599303136,26.9624647508069
182,2023-10-17 07:00:00,Asia/Bangkok,86.2576205938576,13.8651362984218,12.0659971305595,9.59684361549498,28.6645588743128
183,2023-10-18 07:00:00,Asia/Bangkok,89.2691773626541,24.3801002147459,21.1932712956335,18.6599856836077,27.1381589990082
184,2023-10-19 07:00:00,Asia/Bangkok,86.5350648307654,28.1404612159329,24.5101327742837,22.0013976240391,28.1952755658888
185,2023-10-20 07:00:00,Asia/Bangkok,91.6099307761836,21.7914923291492,18.8319386331939,17.1317991631799,27.1455530481069
186,2023-10-21 07:00:00,Asia/Bangkok,88.918308425381,26.4057262569832,23.3673184357542,21.7304469273743,27.8639698746359
187,2023-10-22 07:00:00,Asia/Bangkok,89.6210370764397,17.8640167364017,15.4818688981869,12.3340306834031,27.7853189348691
188,2023-10-23 07:00:00,Asia/Bangkok,89.6704353902272,22.3625608907446,19.8176757132916,19.0911621433542,27.3192023322411
189,2023-10-24 07:00:00,Asia/Bangkok,86.8540252450853,24.6915561758549,21.6434054431263,21.0341939986043,27.800965279959
190,2023-10-25 07:00:00,Asia/Bangkok,83.7670511833478,22.9942857142857,20.1942857142857,18.1564285714286,28.5773689498111
191,2023-10-26 07:00:00,Asia/Bangkok,92.3401020885001,21.8257839721254,18.806968641115,15.4348432055749,26.9940254753257
192,2023-10-27 07:00:00,Asia/Bangkok,91.4353995668655,22.4954703832753,19.9205574912892,19.8822299651568,27.312365471263
193,2023-10-28 07:00:00,Asia/Bangkok,82.958215818115,16.1783972125436,14.1602787456446,11.5135888501742,29.1359969105269
194,2023-10-29 07:00:00,Asia/Bangkok,91.5499574950049,19.058495821727,16.6371866295265,13.7318941504178,27.1262392767862
195,2023-10-30 07:00:00,Asia/Bangkok,90.4446023233218,13.9797909407666,12.2501742160279,9.99581881533101,27.6429287983478
196,2023-10-31 07:00:00,Asia/Bangkok,91.4695629631914,9.63687150837989,8.27723463687151,6.22695530726257,27.8610532952486
197,2023-11-01 07:00:00,Asia/Bangkok,92.0726806753883,18.1018841591068,15.6008374040475,12.8513607815771,27.7236558032361
198,2023-11-02 07:00:00,Asia/Bangkok,96.5490655020403,10.5536959553696,9.02301255230126,6.73988842398884,26.2290126023229
199,2023-11-03 07:00:00,Asia/Bangkok,95.3403376925826,13.9839721254355,12.0557491289199,9.30383275261324,26.3783736510956
200,2023-11-04 07:00:00,Asia/Bangkok,89.2983949817052,20.251572327044,17.8560447239693,15.8099231306779,28.0794185340269
201,2023-11-05 07:00:00,Asia/Bangkok,89.1374876180061,29.4352367688022,26.3572423398329,25.6894150417827,28.112762096845
202,2023-11-06 07:00:00,Asia/Bangkok,93.7147978899867,12.0769774011299,10.3142655367232,7.92302259887006,27.1909579357852
203,2023-11-07 07:00:00,Asia/Bangkok,88.6349456713911,11.3258897418004,10.0648988136776,8.55408234473133,28.6656337564466
204,2023-11-08 07:00:00,Asia/Bangkok,90.5303818482259,25.9937194696441,22.9169574319609,21.3656664340544,27.7455152897586
205,2023-11-09 07:00:00,Asia/Bangkok,95.0041145931173,26.7620376831821,23.2274947662247,20.5247732030705,27.2090188673318
206,2023-11-10 07:00:00,Asia/Bangkok,93.1990149927892,30.5761173184358,26.9141061452514,24.877094972067,27.2445394843198
207,2023-11-11 07:00:00,Asia/Bangkok,90.0502320995884,27.4145658263305,24.015406162465,21.4152661064426,27.7378273511908
208,2023-11-12 07:00:00,Asia/Bangkok,94.6299044169515,16.5808257522743,14.8712386284115,13.9573128061582,26.8802077636297
209,2023-11-13 07:00:00,Asia/Bangkok,91.5862220070718,11.9227557411274,10.3201113430759,7.90814196242171,27.6151278315255
210,2023-11-14 07:00:00,Asia/Bangkok,92.5525185419994,9.70224719101124,8.45084269662921,6.62780898876405,27.2231012653176
211,2023-11-15 07:00:00,Asia/Bangkok,93.4305312810482,12.3522408963585,10.5609243697479,8.18837535014006,27.2932906910709
212,2023-11-16 07:00:00,Asia/Bangkok,95.6086842443155,15.5076601671309,13.3196378830084,10.6775766016713,26.6831380364616
213,2023-11-17 07:00:00,Asia/Bangkok,99.9229151561035,11.7304409672831,10.0504978662873,7.63798008534851,25.0812248672972
214,2023-11-18 07:00:00,Asia/Bangkok,97.1886051386623,10.7309322033898,9.08474576271187,6.97175141242938,26.3166183286463
215,2023-11-19 07:00:00,Asia/Bangkok,97.6263510503383,4.80462341536167,3.98061148396719,2.65249813571961,25.5039416561161
216,2023-11-20 07:00:00,Asia/Bangkok,91.9982173048133,17.8705636743215,14.7703549060543,11.490605427975,26.831425531145
217,2023-11-21 07:00:00,Asia/Bangkok,92.4887148237988,25.986750348675,21.8340306834031,18.1108786610879,27.2296408471656
218,2023-11-22 07:00:00,Asia/Bangkok,96.9834626631074,23.7842727905358,20.3890048712596,17.401530967293,25.7472978461189
219,2023-11-23 07:00:00,Asia/Bangkok,98.3977364037651,23.1062194269741,19.6876310272537,16.2292103424179,25.5385149421593
220,2023-11-24 07:00:00,Asia/Bangkok,95.997019902353,22.4232914923292,19.2426778242678,16.0690376569038,26.2715372024024
221,2023-11-25 07:00:00,Asia/Bangkok,96.4111671318963,18.3305439330544,15.6234309623431,12.3786610878661,25.9203612786549
222,2023-11-26 07:00:00,Asia/Bangkok,98.5676028028817,14.3553173948887,12.2580379225062,9.65292662819456,25.0380320236644
223,2023-11-27 07:00:00,Asia/Bangkok,99.4958585860531,9.88691983122363,8.46075949367089,6.44050632911392,24.2339742870521
224,2023-11-28 07:00:00,Asia/Bangkok,93.3834360231456,3.68030888030888,3.07490347490348,1.93899613899614,26.1064174189503
225,2023-11-29 07:00:00,Asia/Bangkok,94.9611794191038,12.2461645746165,10.1324965132497,7.45885634588564,26.3414164887202
226,2023-11-30 07:00:00,Asia/Bangkok,99.4358844396953,10.5406613047364,8.85344057193923,6.74977658623771,25.158792872358
227,2023-12-01 07:00:00,Asia/Bangkok,93.9779324515153,11.0812894183602,9.32095304835319,6.89768745620182,26.5546468114101
228,2023-12-02 07:00:00,Asia/Bangkok,95.3127283184504,11.6800894854586,9.43251304996272,6.97539149888143,26.3203812514639
229,2023-12-03 07:00:00,Asia/Bangkok,97.5356123118811,12.8543554006969,10.7128919860627,8.08292682926829,25.6263801886394
230,2023-12-04 07:00:00,Asia/Bangkok,93.3806364076961,6.61685552407932,5.47308781869688,3.82507082152975,26.9625977734074
231,2023-12-05 07:00:00,Asia/Bangkok,89.9486440870359,6.00579290369298,5.03041274438813,3.48515568428675,28.167194219436
232,2023-12-06 07:00:00,Asia/Bangkok,91.4990787045857,12.7336122733612,10.700139470014,8.14644351464435,27.8046881426744
233,2023-12-07 07:00:00,Asia/Bangkok,87.7872202235739,15.964509394572,13.2936673625609,10.3368128044537,28.1926267289681
234,2023-12-08 07:00:00,Asia/Bangkok,94.5115894835847,14.5069832402235,12.2800279329609,9.38756983240224,26.3084325169757
235,2023-12-09 07:00:00,Asia/Bangkok,86.2915318542715,16.5038274182324,13.5615866388309,10.5205288796103,28.244036978937
236,2023-12-10 07:00:00,Asia/Bangkok,84.4045549776495,19.2006968641115,16.1498257839721,13.1512195121951,28.4456493112851
237,2023-12-11 07:00:00,Asia/Bangkok,88.5751913985343,30.8707197763802,26.8853948287911,25.2990915443746,28.1020084607317
238,2023-12-12 07:00:00,Asia/Bangkok,86.4633547348303,32.9052264808362,28.5038327526132,26.5108013937282,28.3059911999208
239,2023-12-13 07:00:00,Asia/Bangkok,85.2391419681968,31.1454545454545,26.9664335664336,24.4629370629371,27.9588762944037
240,2023-12-14 07:00:00,Asia/Bangkok,93.9959342192804,24.0486787204451,20.2482614742698,16.8275382475661,26.5155428057242
241,2023-12-15 07:00:00,Asia/Bangkok,92.7108330340608,21.1740041928721,17.7009084556254,14.3270440251572,27.1394126313798
242,2023-12-16 07:00:00,Asia/Bangkok,94.0871690299478,22.0927475592748,18.336820083682,14.7754532775453,26.654066289246
243,2023-12-17 07:00:00,Asia/Bangkok,85.9698680265575,18.0900209351012,15.0090718771807,11.6461967899512,28.1491934036146
244,2023-12-18 07:00:00,Asia/Bangkok,86.0146678279709,16.6022330774599,13.6154919748779,10.3551988834613,28.4076407236142
245,2023-12-19 07:00:00,Asia/Bangkok,86.0156801965824,15.7071977638015,12.5415793151642,9.48916841369672,28.1507271683674
246,2023-12-20 07:00:00,Asia/Bangkok,90.9506935790599,19.4539748953975,16.4163179916318,13.2119944211994,27.3295629633788
247,2023-12-21 07:00:00,Asia/Bangkok,93.9613459483129,21.3258897418004,18.2693649685974,14.9713886950454,26.4506243483126
248,2023-12-22 07:00:00,Asia/Bangkok,87.195770961549,14.6264808362369,12.3261324041812,9.21881533101045,27.6774738715871
249,2023-12-23 07:00:00,Asia/Bangkok,84.5444274757282,13.3391486392184,11.1507327285415,8.23517096999302,27.9246825151057
250,2023-12-24 07:00:00,Asia/Bangkok,91.3050965560559,18.3077459874389,15.5240753663643,12.3712491277041,26.3059422670419
251,2023-12-25 07:00:00,Asia/Bangkok,93.1802249501071,17.2694736842105,13.9557894736842,10.7052631578947,26.1429215405187
252,2023-12-26 07:00:00,Asia/Bangkok,92.5066347482831,16.2089136490251,13.4143454038997,10.2033426183844,25.9146311993368
253,2023-12-27 07:00:00,Asia/Bangkok,89.5909318360737,28.9714285714286,24.7644599303136,21.2418118466899,26.5003337644646
254,2023-12-28 07:00:00,Asia/Bangkok,86.9700594054667,29.7676203768318,25.4661549197488,21.7718073970691,27.5616258787027
255,2023-12-29 07:00:00,Asia/Bangkok,87.7720005277123,18.1465457083043,14.8792742498255,11.5771109560363,27.794642823297
256,2023-12-30 07:00:00,Asia/Bangkok,90.4577195450342,20.8229965156794,16.6878048780488,13.1268292682927,27.5308318227381
257,2023-12-31 07:00:00,Asia/Bangkok,86.9340115309752,20.566852367688,16.7813370473538,13.2618384401114,28.078210031723
258,2024-01-01 07:00:00,Asia/Bangkok,85.8462384989394,14.0334961618981,11.7878576413119,9.52477320307048,27.9721327974844
259,2024-01-02 07:00:00,Asia/Bangkok,85.7544694801497,18.1100278551532,15.0181058495822,11.6107242339833,27.8759419205073
260,2024-01-03 07:00:00,Asia/Bangkok,84.4473965423693,12.9213091922006,10.7569637883008,7.92757660167131,28.0194679067413
261,2024-01-04 07:00:00,Asia/Bangkok,84.3632058523039,18.2008368200837,15.013249651325,11.6136680613668,28.1747172126029
262,2024-01-05 07:00:00,Asia/Bangkok,82.9882861717217,25.4634146341463,20.7735191637631,17.0606271777004,28.2176985380569
263,2024-01-06 07:00:00,Asia/Bangkok,83.3500735528392,29.9297635605007,24.78859527121,21.5243393602225,27.7498091162196
264,2024-01-07 07:00:00,Asia/Bangkok,86.1296762011028,27.5219512195122,23.1665505226481,19.8564459930314,27.9033722171812
265,2024-01-08 07:00:00,Asia/Bangkok,89.8362264876651,25.1304954640614,20.4996510816469,16.7787857641312,27.2050478584967
266,2024-01-09 07:00:00,Asia/Bangkok,88.2983870363179,21.9192200557103,17.7722841225627,14.1733983286908,27.6217991875501
267,2024-01-10 07:00:00,Asia/Bangkok,88.7856003142891,19.1114206128134,15.5974930362117,12.183147632312,27.6924975890426
268,2024-01-11 07:00:00,Asia/Bangkok,86.5960854020678,23.1844119693807,19.3549060542798,15.8754349338901,27.8940797013992
269,2024-01-12 07:00:00,Asia/Bangkok,85.5303078718559,23.7334263782275,19.7522679692952,16.1374738311235,27.6585644357047
270,2024-01-13 07:00:00,Asia/Bangkok,85.6085574209959,30.7696590118302,26.107167710508,23.294363256785,27.2378432297016
271,2024-01-14 07:00:00,Asia/Bangkok,82.6258453780114,29.5452646239554,24.7708913649025,21.1552924791086,27.4911039583116
272,2024-01-15 07:00:00,Asia/Bangkok,81.1604221520449,28.7677824267782,24.0271966527197,20.4100418410042,27.5985724278011
273,2024-01-16 07:00:00,Asia/Bangkok,82.761671422608,28.8426183844011,24.466573816156,21.4728412256267,28.1305706203814
274,2024-01-17 07:00:00,Asia/Bangkok,83.4716850640104,22.1414634146342,18.397212543554,15.6160278745645,28.2893732945075
275,2024-01-18 07:00:00,Asia/Bangkok,81.8987172053977,17.6972860125261,14.080027835769,10.767571329158,28.0964524634946
276,2024-01-19 07:00:00,Asia/Bangkok,83.7472938561858,24.4121338912134,20.0557880055788,16.4002789400279,27.9375529860472
277,2024-01-20 07:00:00,Asia/Bangkok,84.7622380842932,30.5961002785515,26.2047353760446,23.9658774373259,27.8389022374273
278,2024-01-21 07:00:00,Asia/Bangkok,83.1568352446168,36.4160839160839,31.751048951049,29.9573426573427,27.8384799627962
279,2024-01-22 07:00:00,Asia/Bangkok,84.2145508049453,34.7817294281729,29.928870292887,27.0843793584379,27.7433982470892
280,2024-01-23 07:00:00,Asia/Bangkok,90.0275304766952,12.5751222921034,10.8735150244584,8.9643605870021,26.2477087191439
281,2024-01-24 07:00:00,Asia/Bangkok,86.6447666066396,16.3715083798883,13.6243016759777,10.5754189944134,27.1248060654665
282,2024-01-25 07:00:00,Asia/Bangkok,90.7656189694184,20.2094972067039,16.2709497206704,12.8086592178771,26.681078065903
283,2024-01-26 07:00:00,Asia/Bangkok,89.6097343633811,18.0939457202505,14.0967292971468,10.8232428670842,26.5602350155024
284,2024-01-27 07:00:00,Asia/Bangkok,84.9473914789015,25.3975817923186,20.2638691322902,16.7062588904694,27.3891504333063
285,2024-01-28 07:00:00,Asia/Bangkok,83.3153791188111,23.5121951219512,18.9442508710801,15.2724738675958,27.1674319337681
286,2024-01-29 07:00:00,Asia/Bangkok,82.6724161127817,23.3864902506964,19.0236768802228,15.4491643454039,27.3136938381077
287,2024-01-30 07:00:00,Asia/Bangkok,84.1694619121255,22.9185236768802,18.6197771587744,15.0313370473538,27.0591826746832
288,2024-01-31 07:00:00,Asia/Bangkok,82.3829504795688,28.6343335659456,23.8778785764131,20.6140963014655,27.5449900157906
289,2024-02-01 07:00:00,Asia/Bangkok,83.2176921867955,25.7054317548747,21.575208913649,18.0793871866295,27.5920561680978
290,2024-02-02 07:00:00,Asia/Bangkok,83.2442501180572,34.0997088791849,29.5356622998544,26.9985443959243,27.5584517853834
291,2024-02-03 07:00:00,Asia/Bangkok,83.556764678748,24.3558495821727,20.841922005571,18.025069637883,27.6452474797342
292,2024-02-04 07:00:00,Asia/Bangkok,83.3261508156908,25.9295676429568,22.3110181311018,18.897489539749,27.7423507750356
293,2024-02-05 07:00:00,Asia/Bangkok,82.4755659325418,42.7298050139276,38.1225626740947,40.8266016713092,28.0623064756459
294,2024-02-06 07:00:00,Asia/Bangkok,82.791121033192,33.691933240612,29.7962447844228,28.7579972183588,27.8285546419788
295,2024-02-07 07:00:00,Asia/Bangkok,83.8802926005297,31.397489539749,27.4707112970711,24.9735006973501,28.0363196666059
296,2024-02-08 07:00:00,Asia/Bangkok,81.3485480753962,36.0688935281837,31.8475991649269,30.7279053583855,28.1578476262956
297,2024-02-09 07:00:00,Asia/Bangkok,81.7931685465675,31.679469273743,27.891061452514,26.3673184357542,28.4510999300539
298,2024-02-10 07:00:00,Asia/Bangkok,80.6082478423189,37.6345885634589,33.0613668061367,31.4532775453278,28.0163290448236
299,2024-02-11 07:00:00,Asia/Bangkok,78.7929329387329,33.427076064201,28.5666434054431,25.5785066294487,28.4363126573587
300,2024-02-12 07:00:00,Asia/Bangkok,77.1220461050176,31.3365853658537,25.8954703832753,22.5672473867596,28.0150261994426
301,2024-02-13 07:00:00,Asia/Bangkok,77.2719232982681,31.6620111731844,26.2304469273743,22.75,28.12529643106
302,2024-02-14 07:00:00,Asia/Bangkok,82.4283185914386,26.6203007518797,21.9041353383459,18.2330827067669,27.6720450771316
303,2024-02-15 07:00:00,Asia/Bangkok,85.0779464297513,29.6555090655509,24.5285913528591,20.8779637377964,27.7959802973207
304,2024-02-16 07:00:00,Asia/Bangkok,81.0116684697639,29.33356545961,24.5967966573816,21.3022284122563,28.4716135106828
305,2024-02-17 07:00:00,Asia/Bangkok,80.3712156412758,28.6589958158996,24.0697350069735,20.5781032078103,28.3480784428888
306,2024-02-18 07:00:00,Asia/Bangkok,78.3172616351376,27.7622036262204,23.1861924686193,19.7287308228731,28.17203992315
307,2024-02-19 07:00:00,Asia/Bangkok,82.495711163053,29.298392732355,24.5828092243187,20.9154437456324,28.2437607391774
308,2024-02-20 07:00:00,Asia/Bangkok,83.0765640604001,23.3651567944251,19.7595818815331,16.220905923345,28.7207500427295
309,2024-02-21 07:00:00,Asia/Bangkok,82.3034543544499,19.068340306834,16.1910739191074,12.7838214783822,28.7809331585482
310,2024-02-22 07:00:00,Asia/Bangkok,80.2319771704586,17.6692200557103,15.1385793871866,12.0243732590529,28.6329553557543
311,2024-02-23 07:00:00,Asia/Bangkok,80.1267206047372,9.6013986013986,8.39090909090909,6.0951048951049,28.383426457301
312,2024-02-24 07:00:00,Asia/Bangkok,78.7319122239387,8.28133704735376,7.14623955431755,5.11768802228412,28.7254514902668
313,2024-02-25 07:00:00,Asia/Bangkok,77.7581451413902,10.1777003484321,8.76376306620209,6.37770034843206,28.814308317795
314,2024-02-26 07:00:00,Asia/Bangkok,78.7075676985245,27.6067179846046,23.6445066480056,20.5710286913926,28.9864870653019
315,2024-02-27 07:00:00,Asia/Bangkok,79.9923814317764,27.7299444003177,23.340746624305,19.8602065131056,28.7259885460067
316,2024-02-28 07:00:00,Asia/Bangkok,78.0539664645458,23.6494773519164,19.9693379790941,16.5073170731707,28.9952222650107
317,2024-02-29 07:00:00,Asia/Bangkok,76.4502330190879,29.0633263743911,24.8872651356994,21.7362560890745,28.8300273359795
318,2024-03-01 07:00:00,Asia/Bangkok,77.2919898138025,29.5457083042568,25.6168876482903,23.6615491974878,29.0173468935886
319,2024-03-02 07:00:00,Asia/Bangkok,79.9530267207636,27.6452961672474,23.5052264808362,20.2689895470383,28.9481716186029
320,2024-03-03 07:00:00,Asia/Bangkok,81.6087904548687,33.7259414225941,28.758019525802,25.7900976290098,28.9205170771755
321,2024-03-04 07:00:00,Asia/Bangkok,78.2432805597985,26.815331010453,22.4794425087108,19.219512195122,29.1463116319268
322,2024-03-05 07:00:00,Asia/Bangkok,80.3398050979625,33.7303135888502,28.9554006968641,26.4885017421603,29.1242712271962
323,2024-03-06 07:00:00,Asia/Bangkok,79.9009645729263,36.768479776848,32.2489539748954,31.5523012552301,29.0254723494252
324,2024-03-07 07:00:00,Asia/Bangkok,79.6303357891821,39.8514644351465,35.1415620641562,34.9393305439331,29.3977378500038
325,2024-03-08 07:00:00,Asia/Bangkok,78.753337273032,41.7160751565762,36.8475991649269,38.4982602644398,29.3068494399753
326,2024-03-09 07:00:00,Asia/Bangkok,78.4604312890081,34.795818815331,30.4034843205575,27.9714285714286,28.8195104390037
327,2024-03-10 07:00:00,Asia/Bangkok,85.302833047426,20.1800141743444,17.4060949681077,15.2778171509568,27.7500579656747
328,2024-03-11 07:00:00,Asia/Bangkok,77.9379957317362,45.2949790794979,40.5864714086471,41.9483960948396,28.5743440432061
329,2024-03-12 07:00:00,Asia/Bangkok,75.8895299580527,38.2443661971831,33.5978873239437,32.6429577464789,28.6811312125661
330,2024-03-13 07:00:00,Asia/Bangkok,77.6459017375506,36.6341463414634,32.3037694013304,31.2069475240207,28.6750629999802
331,2024-03-14 07:00:00,Asia/Bangkok,74.9618811424419,31.5637630662021,27.3505226480836,25.0432055749129,29.338009190659
332,2024-03-15 07:00:00,Asia/Bangkok,76.5957136049472,24.0970670391062,20.4727653631285,17.3435754189944,29.6391574143475
333,2024-03-16 07:00:00,Asia/Bangkok,75.1277809700788,33.9972105997211,29.2622036262204,26.2566248256625,29.4977868549396
334,2024-03-17 07:00:00,Asia/Bangkok,74.8057817414296,23.2090592334495,20.0843205574913,17.4439024390244,29.4763104484234
335,2024-03-18 07:00:00,Asia/Bangkok,76.9001653804012,31.34561891516,27.1571627260083,24.1571627260083,29.2321638413319
336,2024-03-19 07:00:00,Asia/Bangkok,76.8626330128081,27.1713286713287,23.5475524475525,20.5776223776224,28.9610950930672
337,2024-03-20 07:00:00,Asia/Bangkok,74.7850785919436,24.4240947075209,20.9547353760446,17.6873259052925,28.8562641370741
338,2024-03-21 07:00:00,Asia/Bangkok,75.0098720746179,29.8241451500349,25.5101186322401,22.4682484298674,29.0427020097221
339,2024-03-22 07:00:00,Asia/Bangkok,75.1667265367648,37.2996515679443,32.3080139372822,30.2536585365854,28.9059538989064
340,2024-03-23 07:00:00,Asia/Bangkok,76.8417279384976,33.1204481792717,28.0749299719888,24.8774509803922,29.3433519152644
341,2024-03-24 07:00:00,Asia/Bangkok,76.8517488579157,37.7986013986014,33.0314685314685,30.9496503496504,29.82685360307
342,2024-03-25 07:00:00,Asia/Bangkok,76.4181637654587,26.4777158774373,22.7179665738162,19.0598885793872,29.927420648434
343,2024-03-26 07:00:00,Asia/Bangkok,75.3372455208036,21.8126740947075,18.6810584958217,15.208217270195,28.8634174054328
344,2024-03-27 07:00:00,Asia/Bangkok,79.9839473176956,24.053583855254,20.4321503131524,16.7014613778706,29.5502857028703
345,2024-03-28 07:00:00,Asia/Bangkok,79.5074219723005,19.508356545961,16.6302228412256,13.4345403899722,29.8614402655814
346,2024-03-29 07:00:00,Asia/Bangkok,80.2350986147566,25.6264808362369,21.7498257839721,18.2404181184669,29.8707942054689
347,2024-03-30 07:00:00,Asia/Bangkok,77.5454032196536,20.2412831241283,17.1555090655509,13.6094839609484,30.5140029002812
348,2024-03-31 07:00:00,Asia/Bangkok,81.7116468664087,32.2362369337979,28.3560975609756,26.5533101045296,29.1619629640219
349,2024-04-01 07:00:00,Asia/Bangkok,78.3997777425427,32.0146443514644,28.918410041841,29.2538354253835,30.1553504556182
350,2024-04-02 07:00:00,Asia/Bangkok,78.8165888525958,31.3219273743017,27.9217877094972,26.5900837988827,30.1856223708153
351,2024-04-03 07:00:00,Asia/Bangkok,73.531110021586,26.5254001391789,23.0160055671538,20.8162839248434,31.0789665806168
352,2024-04-04 07:00:00,Asia/Bangkok,77.0769007252407,26.4682040531097,23.0251572327044,19.6729559748428,30.5806243104582
353,2024-04-05 07:00:00,Asia/Bangkok,76.0312091436343,33.7759103641457,29.7745098039216,27.5700280112045,30.5750581917524
354,2024-04-06 07:00:00,Asia/Bangkok,72.6376282468275,36.9595536959554,32.7747559274756,31.557880055788,30.4059508425971
355,2024-04-07 07:00:00,Asia/Bangkok,71.9204039657866,37.6033519553073,33.0062849162011,31.1026536312849,30.2046420635495
356,2024-04-08 07:00:00,Asia/Bangkok,73.1716437895968,29.3884239888424,26.0725244072524,24.4735006973501,29.8501979380913
357,2024-04-09 07:00:00,Asia/Bangkok,77.6255030042797,19.7693379790941,17.2550522648084,14.4480836236934,30.4859929211777
358,2024-04-10 07:00:00,Asia/Bangkok,78.7313813983962,15.2513966480447,13.2353351955307,10.2946927374302,30.5947488152054
359,2024-04-11 07:00:00,Asia/Bangkok,78.1597873199233,17.9644599303136,15.4006968641115,12.3337979094077,30.0410270025016
360,2024-04-12 07:00:00,Asia/Bangkok,74.2624051295869,29.8682926829268,25.7031358885017,22.6236933797909,30.378905978177
361,2024-04-13 07:00:00,Asia/Bangkok,76.0022492180813,34.099582172702,30.1128133704735,28.9937325905293,30.4050220724514
362,2024-04-14 07:00:00,Asia/Bangkok,76.2052324602308,36.3498257839721,32.0641114982578,30.7184668989547,30.0420364490435
363,2024-04-15 07:00:00,Asia/Bangkok,77.076280531478,37.3572423398329,32.849582172702,31.025069637883,30.365744416278
364,2024-04-16 07:00:00,Asia/Bangkok,76.5635903753933,26.7275261324042,23.009756097561,19.6432055749129,30.3998889884845
365,2024-04-17 07:00:00,Asia/Bangkok,75.476441342664,16.4122562674095,14.2263231197772,10.9526462395543,30.4133191189102
366,2024-04-18 07:00:00,Asia/Bangkok,75.542438460087,21.8595387840671,19.3123689727463,17.0845562543676,30.6558847465133
367,2024-04-19 07:00:00,Asia/Bangkok,72.3444967529949,32.3883089770355,29.1050800278358,30.2790535838553,30.9154833220804
368,2024-04-20 07:00:00,Asia/Bangkok,75.8826704995623,34.8765690376569,30.6917712691771,28.652719665272,30.4984789529536
369,2024-04-21 07:00:00,Asia/Bangkok,80.5087519365832,38.1815642458101,33.6878491620112,32.1675977653631,29.7525908124328
370,2024-04-22 07:00:00,Asia/Bangkok,78.9483920672293,37.860529986053,34.013249651325,34.4783821478382,30.7071892401487
371,2024-04-23 07:00:00,Asia/Bangkok,77.8942632723583,44.7764623955432,39.7270194986072,44.9289693593315,31.0291687368694
372,2024-04-24 07:00:00,Asia/Bangkok,76.9562233600686,39.234309623431,34.9735006973501,35.21059972106,30.9337042716192
373,2024-04-25 07:00:00,Asia/Bangkok,75.5256266321933,42.5937282229965,38.3052264808362,39.8696864111498,31.2114259758421
374,2024-04-26 07:00:00,Asia/Bangkok,78.6590980209562,38.371588523443,34.3974807557733,35.9930020993702,30.9175580087093
375,2024-04-27 07:00:00,Asia/Bangkok,83.8247228890714,43.9672245467225,38.8591352859135,42.568340306834,29.7298330992497
376,2024-04-28 07:00:00,Asia/Bangkok,73.5232065711119,22.0870473537605,19.6093314763231,18.1942896935933,31.5711481711189
377,2024-04-29 07:00:00,Asia/Bangkok,85.9658780274145,33.8743016759777,29.7325418994413,28.4993016759777,28.9744951806923
378,2024-04-30 07:00:00,Asia/Bangkok,80.29646854661,28.6302228412256,25.1135097493036,22.2806406685237,31.1400058058718
379,2024-05-01 07:00:00,Asia/Bangkok,74.3767136655212,27.2168758716876,23.7384937238494,20.3821478382148,31.6309956618495
380,2024-05-02 07:00:00,Asia/Bangkok,73.3882737817063,25.9930410577592,22.5824634655532,19.2059846903271,31.7295254422937
381,2024-05-03 07:00:00,Asia/Bangkok,78.178421974185,29.1429567642957,25.2949790794979,21.884239888424,31.4759492720637
382,2024-05-04 07:00:00,Asia/Bangkok,80.6422807491903,34.7519163763066,30.5428571428571,28.415331010453,30.1735643510941
383,2024-05-05 07:00:00,Asia/Bangkok,82.601374058916,28.6652719665272,24.8110181311018,21.513249651325,29.6683627923157
384,2024-05-06 07:00:00,Asia/Bangkok,90.4369665619341,31.4326587578507,28.0348918353105,27.9776692254013,27.7375409115185
385,2024-05-07 07:00:00,Asia/Bangkok,78.774172905292,35.9874213836478,31.6750524109015,29.5877009084556,30.2701726091127
386,2024-05-08 07:00:00,Asia/Bangkok,81.8291459465773,36.01393728223,31.7219512195122,29.9749128919861,30.1461316674573
387,2024-05-09 07:00:00,Asia/Bangkok,74.731515272022,19.5895470383275,17.3651567944251,15.3505226480836,30.9674155415269
388,2024-05-10 07:00:00,Asia/Bangkok,78.4749998689178,14.5863032844165,12.7491264849755,10.1104122990915,30.895447691249
389,2024-05-11 07:00:00,Asia/Bangkok,80.6828142514086,28.1183557760454,24.7569099929128,22.7597448618001,29.6671013977113
390,2024-05-12 07:00:00,Asia/Bangkok,82.1045396980243,26.073477956613,22.44366689993,22.0811756473058,29.8564735277624
391,2024-05-13 07:00:00,Asia/Bangkok,76.9713820728275,24.9441730635031,22.2128401953943,21.3831123517097,30.7742317992784
392,2024-05-14 07:00:00,Asia/Bangkok,80.8114759541476,37.0883785664579,32.5817675713292,31.3458594293667,29.9380740509168
393,2024-05-15 07:00:00,Asia/Bangkok,79.0212647971793,16.8811188811189,14.8160839160839,12.5181818181818,30.8346664349953
394,2024-05-16 07:00:00,Asia/Bangkok,72.5243609511318,17.9721753794266,15.6349072512648,13.1880269814503,32.3747087060452
395,2024-05-17 07:00:00,Asia/Bangkok,89.7186109726161,23.8630024610336,21.0270713699754,18.5053322395406,27.4235608262917
396,2024-05-18 07:00:00,Asia/Bangkok,85.0783346469498,32.0898328690808,28.5313370473538,27.2318941504178,29.0819916513784
397,2024-05-19 07:00:00,Asia/Bangkok,77.6384618437729,44.9477715877437,40.7994428969359,44.3224233983287,30.9705966149871
398,2024-05-20 07:00:00,Asia/Bangkok,79.6120103441229,46.5906555090656,42.8765690376569,47.5481171548117,30.3122126862227
399,2024-05-21 07:00:00,Asia/Bangkok,79.8847965188087,43.2791346824843,38.9993021632938,40.013258897418,30.2624216974754
400,2024-05-22 07:00:00,Asia/Bangkok,81.2777470797338,28.054469273743,24.6550279329609,22.6655027932961,29.7170307151706
401,2024-05-23 07:00:00,Asia/Bangkok,85.6651184562769,25.0859538784067,22.1656184486373,20.6862334032145,28.582299050102
402,2024-05-24 07:00:00,Asia/Bangkok,78.2086746794622,15.8624301675978,13.6871508379888,10.7541899441341,29.7027652667631
403,2024-05-25 07:00:00,Asia/Bangkok,77.6702543495542,17.81393728223,15.3135888501742,12.2508710801394,30.6820932605614
404,2024-05-26 07:00:00,Asia/Bangkok,75.9053783454163,28.9860237596087,25.3829489867226,22.743535988819,30.280340792664
405,2024-05-27 07:00:00,Asia/Bangkok,73.8318975447379,21.6861924686193,19.1701534170153,17.1645746164575,31.6139806253105
406,2024-05-28 07:00:00,Asia/Bangkok,76.1219671095619,30.510460251046,27.0467224546723,26.6136680613668,30.6032328507561
407,2024-05-29 07:00:00,Asia/Bangkok,75.5573480032612,32.3528183716075,28.5525400139179,26.276965901183,31.5800162638843
408,2024-05-30 07:00:00,Asia/Bangkok,86.3229025496055,47.7008368200837,43.0725244072524,50.2831241283124,29.6026144164061
409,2024-05-31 07:00:00,Asia/Bangkok,84.0539810025711,40.5867595818815,35.9909407665505,36.8710801393728,30.0785948392196
410,2024-06-01 07:00:00,Asia/Bangkok,90.2710185695685,35.2217573221757,31.1129707112971,29.8423988842399,27.3466568000189
411,2024-06-02 07:00:00,Asia/Bangkok,85.8132847687257,31.6422594142259,27.8082287308229,26.1652719665272,28.4537000037935
412,2024-06-03 07:00:00,Asia/Bangkok,90.3705108346172,21.3170731707317,18.6011477761836,15.7761836441894,27.3011250299516
413,2024-06-04 07:00:00,Asia/Bangkok,85.5211010001716,27.6112311015119,23.939524838013,20.8992080633549,29.1396425419766
414,2024-06-05 07:00:00,Asia/Bangkok,74.6858045468373,24.2745644599303,21.0578397212544,18.1149825783972,31.1722010436298
415,2024-06-06 07:00:00,Asia/Bangkok,72.8166961443226,18.5543933054393,16.1164574616458,13.4337517433752,31.0120517195477
416,2024-06-07 07:00:00,Asia/Bangkok,73.3086569198336,19.2701949860724,16.4359331476323,13.1072423398329,30.8511541470862
417,2024-06-08 07:00:00,Asia/Bangkok,84.8538695046742,17.5491289198606,14.9442508710801,11.8794425087108,28.7688696666415
418,2024-06-09 07:00:00,Asia/Bangkok,74.5436676787066,18.3723034098817,15.7244258872651,12.6047320807237,30.7983282066741
419,2024-06-10 07:00:00,Asia/Bangkok,71.7548968460283,19.3797909407666,16.398606271777,13.1282229965157,30.3308645312134
420,2024-06-11 07:00:00,Asia/Bangkok,73.6730319425574,23.8143754361479,20.0851360781577,16.7669225401256,30.4467278340951
421,2024-06-12 07:00:00,Asia/Bangkok,66.9754241304809,21.9017421602788,18.7289198606272,15.390243902439,30.9084439772256
422,2024-06-13 07:00:00,Asia/Bangkok,70.1925842963795,24.598606271777,21.0703832752613,17.5428571428571,31.0113637652323
423,2024-06-14 07:00:00,Asia/Bangkok,70.147651922104,20.0244072524407,17.118549511855,14.3981868898187,31.0215189770233
424,2024-06-15 07:00:00,Asia/Bangkok,69.8931094366538,16.5368567454798,14.0528511821975,10.8351877607789,31.5645353359712
425,2024-06-16 07:00:00,Asia/Bangkok,75.4313011624066,15.0509065550907,12.7984658298466,9.67642956764296,30.542060960326
426,2024-06-17 07:00:00,Asia/Bangkok,86.8630497464332,15.2103064066852,12.9428969359332,10.2465181058496,27.4712681077185
427,2024-06-18 07:00:00,Asia/Bangkok,81.2010521357211,7.28939828080229,6.33882521489971,4.56160458452722,27.9267956966996
428,2024-06-19 07:00:00,Asia/Bangkok,80.9352668739572,12.3941504178273,10.7054317548747,8.08217270194986,28.6560364632057
429,2024-06-20 07:00:00,Asia/Bangkok,78.1669542158817,10.2523164647185,8.90235210263721,6.51104775481112,28.9406865363068
430,2024-06-21 07:00:00,Asia/Bangkok,74.9034804845183,19.3145285935085,16.8802163833076,15.1367851622875,29.7791455204372
431,2024-06-22 07:00:00,Asia/Bangkok,82.3864094750551,7.39166046165302,6.45271779597915,4.9180938198064,27.2233543051842
432,2024-06-23 07:00:00,Asia/Bangkok,81.7397020343676,15.4960173787111,13.3461259956553,10.9558291093411,27.3987379672378
433,2024-06-24 07:00:00,Asia/Bangkok,78.5860357906458,20.8283898305085,18.2464689265537,16.1765536723164,28.1940140226773
434,2024-06-25 07:00:00,Asia/Bangkok,81.0116496434539,26.194950911641,22.7587657784011,20.3274894810659,27.8679716870345
435,2024-06-26 07:00:00,Asia/Bangkok,81.2834720216003,41.2330774598744,35.8080949057921,38.3921842288904,29.2642699904406
436,2024-06-27 07:00:00,Asia/Bangkok,75.8691137833962,47.4557077625571,41.5232876712329,46.5634703196347,30.7080560299546
437,2024-06-28 07:00:00,Asia/Bangkok,76.5014427219118,29.7546558704453,25.8089068825911,23.3303643724696,29.4524739464607
438,2024-06-29 07:00:00,Asia/Bangkok,86.598029632341,28.919276270007,25.3138482950592,23.1725817675713,27.8529341681516
439,2024-06-30 07:00:00,Asia/Bangkok,85.3188191097413,20.1632937892533,17.2672714584787,13.9092812281926,28.3837674439639
440,2024-07-01 07:00:00,Asia/Bangkok,74.9513704760299,26.7542857142857,23.3394285714286,20.8742857142857,30.7602391226814
441,2024-07-06 07:00:00,Asia/Bangkok,84.4607833945073,21.7479838709677,19.1229838709677,17.3004032258065,26.6154819169866
442,2024-07-07 07:00:00,Asia/Bangkok,83.9163338139446,14.7337979094077,12.6257839721254,9.7595818815331,28.1330699847639
443,2024-07-08 07:00:00,Asia/Bangkok,79.3318705131336,11.6968616262482,10.1291012838802,7.79529243937233,29.0121420310184
444,2024-07-09 07:00:00,Asia/Bangkok,78.9799903786949,15.8606965174129,13.7007818052594,11.2231698649609,29.5241320683305
445,2024-07-10 07:00:00,Asia/Bangkok,84.1447870488573,13.0467962562995,11.2188624910007,8.73434125269978,27.9804301714064
446,2024-07-11 07:00:00,Asia/Bangkok,83.4388375968882,33.1128919860627,29.6439024390244,29.6278745644599,28.4913123935469
447,2024-07-12 07:00:00,Asia/Bangkok,81.9316147169229,25.5636743215031,22.2289491997216,21.1837160751566,28.2555760248888
448,2024-07-13 07:00:00,Asia/Bangkok,88.2662782668573,24.364270760642,21.284717376134,18.8032100488486,26.8940498416502
449,2024-07-14 07:00:00,Asia/Bangkok,78.8827712562099,39.5976290097629,35.2942817294282,36.6827057182706,29.6113245220757
450,2024-07-15 07:00:00,Asia/Bangkok,78.426736824164,21.5601948503827,18.4968684759917,17.5198329853862,28.3907564011916
451,2024-07-16 07:00:00,Asia/Bangkok,76.3020636651701,29.7592463363573,26.6629448709002,26.8611304954641,30.0488498138249
452,2024-07-17 07:00:00,Asia/Bangkok,81.1764821948883,64.6662020905923,55.2376306620209,73.4459930313589,29.3059497780122
453,2024-07-18 07:00:00,Asia/Bangkok,90.3944929794329,32.1102581995813,27.8932309839498,25.7627355198883,26.4560620100131
454,2024-07-19 07:00:00,Asia/Bangkok,76.4521791660003,45.4967602591793,41.455003599712,44.5097192224622,30.4439323907615
455,2024-07-20 07:00:00,Asia/Bangkok,80.9987205567313,43.7734265734266,39.951048951049,42.7020979020979,29.4167553918783
456,2024-07-21 07:00:00,Asia/Bangkok,77.9346254732705,48.0494428969359,43.3558495821727,48.6149025069638,29.7164829274918
457,2024-07-22 07:00:00,Asia/Bangkok,81.53543598819,58.6634146341463,52.1937282229965,70.8257839721254,29.3867654837515
458,2024-07-23 07:00:00,Asia/Bangkok,78.4003545855228,50.0600139567341,47.1926029309142,57.8953244940684,30.2935297212135
459,2024-07-24 07:00:00,Asia/Bangkok,79.3186645188873,67.8905923344948,56.5818815331011,76.5714285714286,29.9067379991284
460,2024-07-25 07:00:00,Asia/Bangkok,75.5648656545417,59.6229965156794,51.598606271777,67.1588850174216,30.1277658841943
461,2024-07-26 07:00:00,Asia/Bangkok,69.3315712693223,45.7134778510839,41.5315739868049,45.6456173421301,31.9741295819482
462,2024-07-27 07:00:00,Asia/Bangkok,79.6158425055818,48.6073500967118,43.9893617021277,50.9206963249516,29.2418795104118
463,2024-07-28 07:00:00,Asia/Bangkok,76.2562240011636,48.8216027874565,46.0933797909408,55.5296167247387,30.2283523541354
464,2024-07-29 07:00:00,Asia/Bangkok,84.8104034517401,35.0076762037683,31.6043265875785,39.7243545010468,27.2096530386528
465,2024-07-30 07:00:00,Asia/Bangkok,83.9059258438121,28.9930410577592,25.125260960334,22.0187891440501,27.4199919238835
466,2024-07-31 07:00:00,Asia/Bangkok,79.9753541222589,40.7243545010468,36.7480809490579,37.8101884159107,28.9898658570008
467,2024-08-01 07:00:00,Asia/Bangkok,82.1621433881988,47.211149825784,42.4864111498258,48.5198606271777,28.8226092416682
468,2024-08-02 07:00:00,Asia/Bangkok,79.348411507563,44.6548117154812,40.0627615062762,44.1827057182706,28.6513589406592
469,2024-08-03 07:00:00,Asia/Bangkok,77.8743607489402,42.9770034843206,38.8710801393728,40.419512195122,29.5769083986433
470,2024-08-04 07:00:00,Asia/Bangkok,84.9605681796688,36.9408077994429,33.1135097493036,33.4644846796657,27.4814183154592
471,2024-08-05 07:00:00,Asia/Bangkok,79.4909443246029,19.8703832752613,17.1233449477352,13.7282229965157,27.6738834274662
472,2024-08-06 07:00:00,Asia/Bangkok,83.4687719434897,21.5647632311978,18.7548746518106,16.0445682451254,27.738849022832
473,2024-08-07 07:00:00,Asia/Bangkok,76.452376901246,25.6528384279476,22.646288209607,21.5829694323144,29.1812800265681
474,2024-08-08 07:00:00,Asia/Bangkok,84.1615256754965,11.4703783012134,9.89650249821556,7.50392576730907,27.4714834597603
475,2024-08-09 07:00:00,Asia/Bangkok,77.1973263325882,30.1026536312849,26.7988826815643,25.7974860335196,29.5697232435031
476,2024-08-10 07:00:00,Asia/Bangkok,79.463712173282,36.2202034883721,31.9789244186047,30.7856104651163,28.8812690838491
477,2024-08-11 07:00:00,Asia/Bangkok,75.5597614146747,27.6385205861828,24.2868108862526,22.4319609211445,30.0908382173682
478,2024-08-12 07:00:00,Asia/Bangkok,75.0329768804476,21.284717376134,18.569434752268,16.2414515003489,30.0136650676706
479,2024-08-13 07:00:00,Asia/Bangkok,73.1942499759132,20.0031176929073,17.1621200311769,16.1488698363211,29.6957880756695
480,2024-08-14 07:00:00,Asia/Bangkok,74.5901813507125,19.6402226861517,16.9853862212944,14.0375782881002,30.3794010483246
481,2024-08-15 07:00:00,Asia/Bangkok,85.0198709333959,28.4885017421603,24.8885017421603,22.2299651567944,27.9132519277302
482,2024-08-16 07:00:00,Asia/Bangkok,81.0582637827862,29.0425680390789,25.4501046755059,23.0823447313329,28.9668213177612
483,2024-08-17 07:00:00,Asia/Bangkok,82.1329212118732,31.6694560669456,28.2531380753138,28.5230125523013,28.9603322438904
484,2024-08-18 07:00:00,Asia/Bangkok,82.1704336844187,26.0794979079498,22.465829846583,19.0746164574616,28.3733687924445
485,2024-08-19 07:00:00,Asia/Bangkok,83.9140621696911,22.8143754361479,19.5910676901605,16.0314026517795,28.180483305793
486,2024-08-20 07:00:00,Asia/Bangkok,84.7830355416434,15.995108315863,13.8874912648498,10.9063591893781,27.8664935099399
487,2024-08-21 07:00:00,Asia/Bangkok,77.7137670872922,7.37912509593246,6.53491941673062,4.6592478894858,27.7193173299143
488,2024-08-22 07:00:00,Asia/Bangkok,72.4650540825244,11.5867132867133,10.0699300699301,7.49370629370629,29.8699302234377
489,2024-08-23 07:00:00,Asia/Bangkok,83.2078352582052,15.1995827538248,13.182197496523,10.6529902642559,28.2041047087463
490,2024-08-24 07:00:00,Asia/Bangkok,88.9732534032994,9.4967925873129,8.22594440484676,6.02779757662153,26.0194993327636
491,2024-08-25 07:00:00,Asia/Bangkok,78.4461337573399,11.6739446870451,10.0742358078603,7.74235807860262,28.4223037086738
492,2024-08-26 07:00:00,Asia/Bangkok,86.2298981566845,9.02126099706745,7.91348973607038,6.33211143695015,26.5131489186767
493,2024-08-27 07:00:00,Asia/Bangkok,81.0053761202688,13.1505602240896,11.4817927170868,9.06862745098039,27.8951727525973
494,2024-08-28 07:00:00,Asia/Bangkok,85.8833249855629,7.36810730253353,6.44262295081967,4.61847988077496,26.4318625349407
495,2024-08-29 07:00:00,Asia/Bangkok,82.7077181339379,12.4545454545455,10.7552447552448,8.61398601398602,27.1042273417005
496,2024-08-30 07:00:00,Asia/Bangkok,81.772771395993,14.5804195804196,12.4762237762238,9.88881118881119,28.1614983834069
497,2024-08-31 07:00:00,Asia/Bangkok,76.4047018900554,29.9233449477352,26.1574912891986,23.8313588850174,29.7007683146784
498,2024-09-01 07:00:00,Asia/Bangkok,79.9325291594695,35.4006968641115,31.016724738676,29.0926829268293,28.4811559326258
499,2024-09-02 07:00:00,Asia/Bangkok,75.7599107986562,22.6313588850174,19.6759581881533,16.9386759581882,29.7611912724788
500,2024-09-03 07:00:00,Asia/Bangkok,81.7487497933118,23.897418004187,20.6461967899512,18.0802512212142,27.9698388187061
501,2024-09-04 07:00:00,Asia/Bangkok,75.2941292214041,14.3307799442897,12.3607242339833,9.7924791086351,29.0776958176104
502,2024-09-05 07:00:00,Asia/Bangkok,72.6545041149137,10.3116045845272,8.74713467048711,6.64111747851003,29.8145432316514
503,2024-09-06 07:00:00,Asia/Bangkok,75.3913776537789,15.0739411342426,12.9152907394113,10.5211773151472,29.6374007180666
504,2024-09-07 07:00:00,Asia/Bangkok,79.425137099758,12.9017125837677,11.1407297096054,8.97021593447506,28.6492860927211
505,2024-09-08 07:00:00,Asia/Bangkok,87.2286794917146,23.698534542917,20.4975575715283,17.6936496859735,26.4443186820047
506,2024-09-09 07:00:00,Asia/Bangkok,86.358688990019,19.5806451612903,16.9403927068724,14.1220196353436,25.8807274078033
507,2024-09-10 07:00:00,Asia/Bangkok,78.5808034228148,10.000702247191,8.63904494382022,6.50702247191011,28.0160146965996
508,2024-09-11 07:00:00,Asia/Bangkok,72.6662218869426,19.9749128919861,17.1609756097561,14.6954703832753,29.6774961265458
509,2024-09-12 07:00:00,Asia/Bangkok,75.1457131099293,20.6896792189679,17.6854951185495,14.9839609483961,29.6006135096475
510,2024-09-13 07:00:00,Asia/Bangkok,79.5268178375408,15.218118466899,12.9372822299652,9.96724738675958,28.1671146074021
511,2024-09-14 07:00:00,Asia/Bangkok,81.6072507971668,17.5088339222615,15.113074204947,12.5554770318021,27.3607376995996
512,2024-09-15 07:00:00,Asia/Bangkok,87.7139116417504,15.0419874037789,12.9286214135759,10.4541637508747,26.3500812005551
513,2024-09-16 07:00:00,Asia/Bangkok,88.7856672316126,12.4750527055517,10.6156008432888,8.27617709065355,26.1922980965462
514,2024-09-17 07:00:00,Asia/Bangkok,86.5742157611834,6.53846153846154,5.6715976331361,3.98076923076923,26.2033113783626
515,2024-09-18 07:00:00,Asia/Bangkok,85.3619102678001,15.058495821727,12.6761838440111,11.1942896935933,26.513087085281
516,2024-09-19 07:00:00,Asia/Bangkok,87.6065160712025,10.9700139470014,9.20362622036262,6.71478382147838,25.8375051893461
517,2024-09-20 07:00:00,Asia/Bangkok,84.5405414736379,7.47522679692952,6.27355198883461,4.43405443126309,26.5919359265998
518,2024-09-21 07:00:00,Asia/Bangkok,87.7775585267437,27.8377437325905,23.6733983286908,23.2548746518106,26.0623730318677
519,2024-09-22 07:00:00,Asia/Bangkok,83.1880320678148,19.9518492672715,16.8073970690858,14.4605722260991,27.543448493129
520,2024-09-23 07:00:00,Asia/Bangkok,85.5376737261894,16.0427170868347,13.6204481792717,10.593137254902,27.2085888187399
521,2024-09-24 07:00:00,Asia/Bangkok,84.8297376872124,10.1852367688022,8.74025069637883,6.4108635097493,27.1120119796073
522,2024-09-25 07:00:00,Asia/Bangkok,88.2007664543874,22.9289198606272,19.7477351916376,17.1317073170732,26.6922639687268
523,2024-09-26 07:00:00,Asia/Bangkok,82.7155930189868,28.31843575419,24.5628491620112,22.9210893854749,27.6337545026689
524,2024-09-27 07:00:00,Asia/Bangkok,82.4774001152025,20.8341497550735,17.9412176347096,16.6473058082575,27.758110929879
525,2024-09-28 07:00:00,Asia/Bangkok,78.0842261292013,10.138418079096,8.76059322033898,6.58686440677966,29.1010382938276
526,2024-09-29 07:00:00,Asia/Bangkok,82.8393704438438,20.2176091624911,17.5297065139585,14.5325697924123,28.3395866041988
527,2024-09-30 07:00:00,Asia/Bangkok,76.8549690389612,23.6762589928058,20.6136690647482,17.9525179856115,29.3803312855594
528,2024-10-01 07:00:00,Asia/Bangkok,82.1587285488532,12.7877428998505,11.0597907324365,8.54334828101644,28.203469377336
529,2024-10-02 07:00:00,Asia/Bangkok,76.7542464591131,9.11769352290679,7.89415481832543,5.84044233807267,29.1826030584423
530,2024-10-03 07:00:00,Asia/Bangkok,81.2844323815633,7.33690795352994,6.37176050044683,4.86416443252904,28.9340021698407
531,2024-10-04 07:00:00,Asia/Bangkok,84.5415526466687,11.4842868654311,10.1257050765512,8.19822723609992,27.6108779735036
532,2024-10-05 07:00:00,Asia/Bangkok,78.3115998671378,12.8001638001638,11.1867321867322,8.92956592956593,29.233291793494
533,2024-10-06 07:00:00,Asia/Bangkok,89.5214461321488,17.9195100612424,15.8836395450569,14.153980752406,26.2494697688231
534,2024-10-07 07:00:00,Asia/Bangkok,86.9306558421035,9.84281282316443,8.59875904860393,6.4488107549121,26.6705130301148
535,2024-10-08 07:00:00,Asia/Bangkok,78.8537888170815,13.9539930555556,12.3411458333333,10.8350694444444,29.0127122107633
536,2024-10-09 07:00:00,Asia/Bangkok,81.1940192912115,13.4536453645365,11.6399639963996,8.95859585958596,28.0421383201362
537,2024-10-10 07:00:00,Asia/Bangkok,85.3986933709359,25.1391941391941,21.6510989010989,18.4716117216117,26.9448389861424
538,2024-10-11 07:00:00,Asia/Bangkok,82.067534530423,21.1525270758123,18.278880866426,15.2554151624549,28.2181079900811
539,2024-10-12 07:00:00,Asia/Bangkok,86.6574572368651,27.8247978436658,24.3719676549865,22.3863432165319,27.5525102290629
540,2024-10-13 07:00:00,Asia/Bangkok,83.2495788303753,15.0110441767068,13.206827309237,11.4588353413655,27.8423206910275
541,2024-10-14 07:00:00,Asia/Bangkok,81.1234725174117,32.488106565176,28.1208372978116,31.5851569933397,28.6136868340073
542,2024-10-15 07:00:00,Asia/Bangkok,80.1838820927076,19.9531835205993,17.6348314606742,16.2790262172285,29.0800272357795
543,2024-10-16 07:00:00,Asia/Bangkok,86.0498479955675,14.3189897100094,12.5753040224509,10.6314312441534,27.3288685335252
544,2024-10-17 07:00:00,Asia/Bangkok,78.4788637562506,13.9823874755382,11.9422700587084,9.12426614481409,29.2799276143623
545,2024-10-18 07:00:00,Asia/Bangkok,82.2040271204503,15.6713426853707,13.6002004008016,11.2815631262525,28.0438919535117
546,2024-10-19 07:00:00,Asia/Bangkok,80.2145738122641,16.9346781940442,15.0201729106628,13.7483189241114,27.7303355502306
547,2024-10-20 07:00:00,Asia/Bangkok,76.9428843072697,12.3277467411546,10.8324022346369,9.04096834264432,28.6140670575324
548,2024-10-21 07:00:00,Asia/Bangkok,76.1842184118896,15.3734359961501,13.4128970163619,11.0038498556304,29.0834709778195
549,2024-10-22 07:00:00,Asia/Bangkok,65.9537517475082,19.5357142857143,16.6785714285714,13.2944015444015,30.3769645898548
550,2024-10-23 07:00:00,Asia/Bangkok,62.1318970114712,19.2770605759682,16.4776564051639,13.1618669314796,31.2628518732347
551,2024-10-24 07:00:00,Asia/Bangkok,73.7020825311996,18.2872340425532,15.5135396518375,12.1856866537718,29.1838052318927
552,2024-10-25 07:00:00,Asia/Bangkok,83.7461487907813,21.4075144508671,18.4402697495183,15.4614643545279,27.4938023111232
553,2024-10-26 07:00:00,Asia/Bangkok,76.1919073836975,10.4600197433366,9.27640671273445,7.4284304047384,28.2389385875033
554,2024-10-27 07:00:00,Asia/Bangkok,76.1590261653215,10.9052419354839,9.53225806451613,7.79032258064516,28.5490686707749
555,2024-10-28 07:00:00,Asia/Bangkok,85.3149412781497,11.356407857811,9.78391019644528,7.44995322731525,27.094686020598
556,2024-10-29 07:00:00,Asia/Bangkok,79.3275353481593,13.426499032882,11.563829787234,8.87620889748549,28.9344260521284
557,2024-10-30 07:00:00,Asia/Bangkok,78.0848901887548,27.3805128205128,23.7989743589744,21.5897435897436,29.2183456256281
558,2024-10-31 07:00:00,Asia/Bangkok,70.9780331862104,18.3464646464647,15.8262626262626,13.8464646464647,30.7438462357012
559,2024-11-01 07:00:00,Asia/Bangkok,71.8411968892572,20.3882743362832,17.483407079646,14.3030973451327,29.9000933726955
560,2024-11-02 07:00:00,Asia/Bangkok,66.623970522061,10.9154786150713,9.45723014256619,7.16802443991853,31.3160148884457
561,2024-11-03 07:00:00,Asia/Bangkok,80.3594660532978,17.5450819672131,15.1065573770492,12.155737704918,28.4710521549922
562,2024-11-04 07:00:00,Asia/Bangkok,79.1297741263206,17.6379853095488,15.1206715634837,11.8698845750262,28.4776184280798
563,2024-11-05 07:00:00,Asia/Bangkok,82.6825443493257,21.2018828451883,18.2939330543933,14.9905857740586,27.7953661415073
564,2024-11-06 07:00:00,Asia/Bangkok,82.9514112943671,5.40337909186906,4.8194297782471,3.34424498416051,27.5840433733266
565,2024-11-07 07:00:00,Asia/Bangkok,86.2437362345653,6.428125,5.74583333333333,4.06041666666667,27.0515311593011
566,2024-11-08 07:00:00,Asia/Bangkok,81.0868192823779,6.69491525423729,5.8680387409201,4.409200968523,28.0348153339696
567,2024-11-09 07:00:00,Asia/Bangkok,87.86628389584,4.39564220183486,3.76376146788991,2.44839449541284,26.3341383020247
568,2024-11-10 07:00:00,Asia/Bangkok,91.5391026564826,12.8422273781903,11.1194895591647,8.45939675174014,25.473665029854
569,2024-11-11 07:00:00,Asia/Bangkok,81.2998936490118,4.66083445491252,3.95962314939435,2.59892328398385,27.9159675284377
570,2024-11-12 07:00:00,Asia/Bangkok,83.1517454269084,5.75027027027027,5.00648648648649,3.45621621621622,28.3449872726606
571,2024-11-13 07:00:00,Asia/Bangkok,92.7457928390611,6.38216560509554,5.57324840764331,3.98089171974522,24.3545395161518
572,2024-11-14 07:00:00,Asia/Bangkok,76.2296040755747,15.2166324435318,13.1447638603696,10.0503080082136,29.4186556093817
573,2024-11-15 07:00:00,Asia/Bangkok,77.4674144131714,21.1581450653983,18.2021403091558,14.8858501783591,29.2686441524425
574,2024-11-16 07:00:00,Asia/Bangkok,75.1955244434973,27.27,23.3185714285714,23.3628571428571,29.6994488800327
575,2024-11-17 07:00:00,Asia/Bangkok,75.3476771262811,12.6659836065574,11.1301229508197,9.34016393442623,29.7296727611388
576,2024-11-18 07:00:00,Asia/Bangkok,73.7701453559719,15.2194388777555,13.1082164328657,10.0220440881764,29.7955668711315
577,2024-11-19 07:00:00,Asia/Bangkok,72.6844396047761,17.5089820359282,14.7954091816367,11.7764471057884,29.6190122673057
578,2024-11-20 07:00:00,Asia/Bangkok,72.9166483810619,16.0298661174047,13.4191555097837,10.4140061791967,29.5889758217015
579,2024-11-21 07:00:00,Asia/Bangkok,82.2310268639423,8.73299492385787,7.34010152284264,5.30355329949239,27.3490766043218
580,2024-11-22 07:00:00,Asia/Bangkok,86.7211572596242,3.95723684210526,3.38815789473684,2.17543859649123,26.5832694131141
581,2024-11-23 07:00:00,Asia/Bangkok,88.0283361287362,3.12053571428571,2.73772321428571,1.65513392857143,25.6827122473663
582,2024-11-24 07:00:00,Asia/Bangkok,83.0012254293224,9.87154989384289,8.23248407643312,5.93524416135881,28.0744677604464
583,2024-11-25 07:00:00,Asia/Bangkok,85.7239560849213,3.70847084708471,3.17051705170517,2.03960396039604,27.2236628155342
584,2024-11-26 07:00:00,Asia/Bangkok,87.3803742877448,6.42231947483589,5.54814004376368,3.91137855579869,27.0964491068118
585,2024-11-27 07:00:00,Asia/Bangkok,92.9485639005132,18.1679748822606,15.2935635792779,12.1397174254317,24.6045604082124
586,2024-11-28 07:00:00,Asia/Bangkok,94.4292515761806,11.806517311609,10.2566191446029,7.65580448065173,23.6894659545166
587,2024-11-29 07:00:00,Asia/Bangkok,94.9729148345802,3.86594202898551,3.48913043478261,2.23188405797102,23.7070485638449
588,2024-11-30 07:00:00,Asia/Bangkok,92.0350672328041,10.6093979441997,8.88839941262849,6.61527165932452,24.8885850917653
589,2024-12-01 07:00:00,Asia/Bangkok,82.4720357207082,21.0332225913621,17.547065337763,14.078626799557,27.0500663954159
590,2024-12-02 07:00:00,Asia/Bangkok,82.8523280963189,17.1441624365482,14.6456852791878,11.2548223350254,27.6166720819102
591,2024-12-03 07:00:00,Asia/Bangkok,79.0832657358662,15.9150849150849,13.7352647352647,10.5114885114885,28.2302220187686
592,2024-12-04 07:00:00,Asia/Bangkok,82.931797352654,32.5682051282051,28.1620512820513,25.2112820512821,27.8368719115002
593,2024-12-05 07:00:00,Asia/Bangkok,86.3363191634817,13.2180685358255,11.4101765316719,8.47767393561786,26.3441632296156
594,2024-12-06 07:00:00,Asia/Bangkok,85.94897449628,8.37927461139896,7.32953367875648,5.33678756476684,26.6663902850577
595,2024-12-07 07:00:00,Asia/Bangkok,77.0754645277081,10.3102725366876,8.88993710691824,6.43501048218029,28.8789668342512
596,2024-12-08 07:00:00,Asia/Bangkok,81.3444623846793,11.3770833333333,9.76979166666667,7.34479166666667,28.4771773294259
597,2024-12-09 07:00:00,Asia/Bangkok,75.5330980574744,13.6453674121406,11.3301384451544,8.42811501597444,29.5375716733865
598,2024-12-10 07:00:00,Asia/Bangkok,87.588518065592,10.6465222348917,9.26681870011402,6.76282782212087,26.2685188067445
599,2024-12-11 07:00:00,Asia/Bangkok,86.2111431527399,13.9783845278726,12.1114903299204,9.11262798634812,26.9684213412194
600,2024-12-12 07:00:00,Asia/Bangkok,76.7637573899306,27.12,23.3694736842105,19.9273684210526,28.4492276590477
601,2024-12-13 07:00:00,Asia/Bangkok,91.5057185408406,29.0481522956327,25.3393057110862,22.1534154535274,25.1785267499891
602,2024-12-14 07:00:00,Asia/Bangkok,92.6472545291449,18.5161290322581,16.010752688172,12.8805256869773,25.2994906184817
603,2024-12-15 07:00:00,Asia/Bangkok,90.9267634396989,10.6560332871013,9.33009708737864,7.27323162274619,25.6749337366901
604,2024-12-16 07:00:00,Asia/Bangkok,79.7649148982672,3.57011494252874,3.02528735632184,1.91264367816092,28.3534745111114
605,2024-12-17 07:00:00,Asia/Bangkok,90.3483614113488,4.76415094339623,3.61792452830189,2.33962264150943,25.1911631221606
606,2024-12-18 07:00:00,Asia/Bangkok,84.0598100746754,17.2154017857143,14.5725446428571,11.1819196428571,27.1106640507856
607,2024-12-19 07:00:00,Asia/Bangkok,79.9624506201097,19.2223502304148,16.4930875576037,12.971198156682,27.8124403944457
608,2024-12-20 07:00:00,Asia/Bangkok,81.1869456683451,16.1149553571429,13.8470982142857,10.7020089285714,27.211494215877
609,2024-12-21 07:00:00,Asia/Bangkok,75.5160939542977,20.5785398230089,17.3827433628319,13.8108407079646,28.1413265824849
610,2024-12-22 07:00:00,Asia/Bangkok,74.5495051670205,25.5252960172228,21.6501614639397,18.0775026910657,28.1927996737068
611,2024-12-23 07:00:00,Asia/Bangkok,75.3288357925389,33.9064261555806,29.2356257046223,26.152198421646,27.941524658416
612,2024-12-24 07:00:00,Asia/Bangkok,81.5341875648551,33.7192393736018,29.0469798657718,26.096196868009,26.5767282895082
613,2024-12-25 07:00:00,Asia/Bangkok,76.3035041111069,29.9269356597601,25.8778625954199,22.9323882224646,27.3606458997376
614,2024-12-26 07:00:00,Asia/Bangkok,74.5389678134754,29.617381489842,25.4875846501129,22.1523702031603,27.8856105006927
615,2024-12-27 07:00:00,Asia/Bangkok,75.2086367131,27.8919860627178,24.4692218350755,22.0174216027875,28.5661528840174
616,2024-12-28 07:00:00,Asia/Bangkok,85.0999330066231,11.58352402746,9.87871853546911,7.52860411899314,27.5293863765501
617,2024-12-29 07:00:00,Asia/Bangkok,75.1577566587271,7.61226851851852,6.4849537037037,4.61226851851852,29.2612079954698
618,2024-12-30 07:00:00,Asia/Bangkok,80.3710384836463,13.2296037296037,10.6025641025641,7.7995337995338,27.4860595702209
619,2024-12-31 07:00:00,Asia/Bangkok,75.572605657821,27.1406976744186,23.2220930232558,19.7558139534884,28.271629240666
620,2025-01-01 07:00:00,Asia/Bangkok,72.4425726710918,22.5201380897583,19.5627157652474,16.2485615650173,28.5664424119663
621,2025-01-02 07:00:00,Asia/Bangkok,76.0050325756223,29.9307262569832,26.0815642458101,22.6178770949721,27.9740237767649
622,2025-01-03 07:00:00,Asia/Bangkok,73.6886270878366,26.992,23.3817142857143,19.968,28.309129844674
623,2025-01-04 07:00:00,Asia/Bangkok,75.6572596419974,33.491145218418,29.2172373081464,26.2987012987013,28.6606269077159
624,2025-01-05 07:00:00,Asia/Bangkok,78.8744466449974,23.3135391923991,21.0023752969121,19.8396674584323,28.300800454541
625,2025-01-06 07:00:00,Asia/Bangkok,72.844642722495,14.9123831775701,13.0478971962617,10.9065420560748,28.825508712143
626,2025-01-07 07:00:00,Asia/Bangkok,70.6302985966566,41.0755395683453,36.5395683453237,36.5803357314149,29.1450971394659
627,2025-01-08 07:00:00,Asia/Bangkok,71.1686367917835,39.411901983664,35.536756126021,36.7677946324387,28.9215432254578
628,2025-01-09 07:00:00,Asia/Bangkok,70.9835732512324,38.6915137614679,33.8107798165138,31.9461009174312,28.3831649891816
629,2025-01-10 07:00:00,Asia/Bangkok,70.4914870202722,42.1040935672515,37.2912280701754,36.8561403508772,28.9457044602621
630,2025-01-11 07:00:00,Asia/Bangkok,73.5683810832238,45.0833333333333,40.5117370892019,42.0070422535211,28.3574593531305
631,2025-01-12 07:00:00,Asia/Bangkok,85.3798060416924,38.8343337334934,34.0252100840336,33.1344537815126,25.4349718533403
632,2025-01-13 07:00:00,Asia/Bangkok,78.2922020212018,48.6322147651007,42.5946308724832,47.7261744966443,25.9973411154345
633,2025-01-14 07:00:00,Asia/Bangkok,74.887203976827,58.2181818181818,51.4606060606061,67.7381818181818,26.7808831307068
634,2025-01-15 07:00:00,Asia/Bangkok,74.2014018582433,46.75,42.4302325581395,45.2046511627907,27.1467221125166
635,2025-01-16 07:00:00,Asia/Bangkok,89.8734251398522,51.1543116490166,45.7473524962179,60.7579425113464,24.9906040083529
636,2025-01-17 07:00:00,Asia/Bangkok,80.8489391511822,17.509219858156,14.0609929078014,10.9007092198582,27.2216650367257
637,2025-01-18 07:00:00,Asia/Bangkok,83.51267727298,20.4545454545455,16.2231404958678,12.6528925619835,26.8324362192282
638,2025-01-19 07:00:00,Asia/Bangkok,85.3380949610765,35.7416851441242,31.7982261640798,30.7383592017738,25.5987813782691
639,2025-01-20 07:00:00,Asia/Bangkok,84.719634000212,44.9532497149373,40.2451539338655,41.1014823261117,26.357234546111
640,2025-01-21 07:00:00,Asia/Bangkok,72.1509805214707,25.1728395061728,21.4062850729517,17.993265993266,28.3679370017919
641,2025-01-22 07:00:00,Asia/Bangkok,75.5997929673204,35.3294117647059,30.3117647058824,27.4482352941177,27.6715637407808
642,2025-01-23 07:00:00,Asia/Bangkok,73.8887307008537,44.6071428571429,39.5279017857143,39.9386160714286,28.1717354324292
643,2025-01-24 07:00:00,Asia/Bangkok,76.5172964670046,45.5669205658324,40.6779107725789,42.0805223068553,27.918718572939
644,2025-01-25 07:00:00,Asia/Bangkok,86.9273685763073,17.6491228070175,15.0385964912281,11.6222222222222,26.4772315447452
645,2025-01-26 07:00:00,Asia/Bangkok,79.5526130198043,34.5793103448276,29.7436781609195,27.216091954023,27.7487655977459
646,2025-01-27 07:00:00,Asia/Bangkok,76.4900669374888,19.3966666666667,16.4477777777778,13.0044444444445,28.4709606199989
647,2025-01-28 07:00:00,Asia/Bangkok,73.2380031968168,26.3306997742664,21.5801354401806,17.9830699774266,27.8792883922416
648,2025-01-29 07:00:00,Asia/Bangkok,75.6081019677629,27.8420454545455,22.6977272727273,18.9454545454546,27.242725947012
649,2025-01-30 07:00:00,Asia/Bangkok,71.167673954159,31.1244292237443,26.1609589041096,22.8264840182648,27.5129309735273
650,2025-01-31 07:00:00,Asia/Bangkok,68.5203678330064,28.628701594533,24.003416856492,20.370159453303,27.3367184933423
651,2025-02-01 07:00:00,Asia/Bangkok,69.2310311613285,36.7935779816514,31.6697247706422,29.2672018348624,27.3154095576789
652,2025-02-02 07:00:00,Asia/Bangkok,70.3416393275858,37.6975945017182,32.6552119129439,30.5280641466209,27.6838904191759
653,2025-02-03 07:00:00,Asia/Bangkok,65.1142608012176,39.8980582524272,35.0946601941748,33.7342233009709,28.6445444768428
654,2025-02-04 07:00:00,Asia/Bangkok,70.2665217694623,28.5230769230769,24.4591715976331,21,27.7754321491988
655,2025-02-05 07:00:00,Asia/Bangkok,71.5009429177943,16.6995305164319,13.9870892018779,10.8239436619718,28.3274499481642
656,2025-02-06 07:00:00,Asia/Bangkok,69.5117825679139,23.7092614302462,19.4548651817116,15.7948417350528,28.5791765064918
657,2025-02-07 07:00:00,Asia/Bangkok,70.9339523110687,34.7432590855803,29.3212192262603,26.1664712778429,28.2719269003092
658,2025-02-08 07:00:00,Asia/Bangkok,69.3485477903296,30.6542491268917,26,22.3806752037253,28.3855957507189
659,2025-02-09 07:00:00,Asia/Bangkok,69.91638445442,28.9710648148148,24.6168981481482,20.9768518518519,28.3737423919526
660,2025-02-10 07:00:00,Asia/Bangkok,71.226335821908,30.6526674233825,25.8569807037457,22.3745743473326,28.2512006932006
661,2025-02-11 07:00:00,Asia/Bangkok,68.1596244718257,32.5329545454545,27.5227272727273,24.1204545454546,28.6937990390288
662,2025-02-11 11:15:42,Asia/Bangkok,76.3297505900364,33.7877551020408,29.5877551020408,27.9183673469388,27.6338657106014
